,id_seq1,target_seq1,id_seq2,target_seq2,distance,profile
255,sequence_53082,55.0,sequence_19347,58.9,1.0,0-1-1-1-82-36
515,sequence_19402,43.0,sequence_19347,58.9,1.0,0-1-1-1-82-36
775,sequence_20054,49.0,sequence_19347,58.9,1.0,0-1-1-1-82-36
95,sequence_53082,55.0,sequence_19511,62.4,1.0,0-1-1-1-130-28
355,sequence_19402,43.0,sequence_19511,62.4,1.0,0-1-1-1-130-28
615,sequence_20054,49.0,sequence_19511,62.4,1.0,0-1-1-1-130-28
112,sequence_53082,55.0,sequence_19445,45.5,1.0,0-1-1-1-214-17
372,sequence_19402,43.0,sequence_19445,45.5,1.0,0-1-1-1-214-17
632,sequence_20054,49.0,sequence_19445,45.5,1.0,0-1-1-1-214-17
228,sequence_53082,55.0,sequence_19351,60.9,1.0,0-1-1-1-80-28
488,sequence_19402,43.0,sequence_19351,60.9,1.0,0-1-1-1-80-28
748,sequence_20054,49.0,sequence_19351,60.9,1.0,0-1-1-1-80-28
96,sequence_53082,55.0,sequence_53065,44.8,1.0,0-0-0-0-43-14
356,sequence_19402,43.0,sequence_53065,44.8,1.0,0-0-0-0-43-14
616,sequence_20054,49.0,sequence_53065,44.8,1.0,0-0-0-0-43-14
153,sequence_53082,55.0,sequence_19426,56.3,1.0,0-0-0-0-88-32
413,sequence_19402,43.0,sequence_19426,56.3,1.0,0-0-0-0-88-32
673,sequence_20054,49.0,sequence_19426,56.3,1.0,0-0-0-0-88-32
235,sequence_53082,55.0,sequence_19517,61.6,1.0,0-0-0-0-129-30
495,sequence_19402,43.0,sequence_19517,61.6,1.0,0-0-0-0-129-30
755,sequence_20054,49.0,sequence_19517,61.6,1.0,0-0-0-0-129-30
70,sequence_53082,55.0,sequence_19410,49.9,1.0,0-0-0-0-21-9
330,sequence_19402,43.0,sequence_19410,49.9,1.0,0-0-0-0-21-9
590,sequence_20054,49.0,sequence_19410,49.9,1.0,0-0-0-0-21-9
21,sequence_53082,55.0,sequence_19447,51.0,1.0,0-0-0-0-105-9
281,sequence_19402,43.0,sequence_19447,51.0,1.0,0-0-0-0-105-9
541,sequence_20054,49.0,sequence_19447,51.0,1.0,0-0-0-0-105-9
57,sequence_53082,55.0,sequence_20040,47.2,1.0,0-0-0-0-154-10
317,sequence_19402,43.0,sequence_20040,47.2,1.0,0-0-0-0-154-10
577,sequence_20054,49.0,sequence_20040,47.2,1.0,0-0-0-0-154-10
67,sequence_53082,55.0,sequence_19526,49.3,1.0,0-0-0-0-239-23
327,sequence_19402,43.0,sequence_19526,49.3,1.0,0-0-0-0-239-23
587,sequence_20054,49.0,sequence_19526,49.3,1.0,0-0-0-0-239-23
158,sequence_53082,55.0,sequence_19437,46.7,1.0,0-0-0-0-222-12
418,sequence_19402,43.0,sequence_19437,46.7,1.0,0-0-0-0-222-12
678,sequence_20054,49.0,sequence_19437,46.7,1.0,0-0-0-0-222-12
152,sequence_53082,55.0,sequence_19529,48.8,1.0,0-0-0-0-250-21
412,sequence_19402,43.0,sequence_19529,48.8,1.0,0-0-0-0-250-21
672,sequence_20054,49.0,sequence_19529,48.8,1.0,0-0-0-0-250-21
199,sequence_53082,55.0,sequence_19470,61.0,1.0,0-0-0-0-110-30
459,sequence_19402,43.0,sequence_19470,61.0,1.0,0-0-0-0-110-30
719,sequence_20054,49.0,sequence_19470,61.0,1.0,0-0-0-0-110-30
223,sequence_53082,55.0,sequence_19472,59.9,1.0,0-0-0-0-190-2
483,sequence_19402,43.0,sequence_19472,59.9,1.0,0-0-0-0-190-2
743,sequence_20054,49.0,sequence_19472,59.9,1.0,0-0-0-0-190-2
113,sequence_53082,55.0,sequence_19403,50.9,1.0,0-1-1-1-179-28
373,sequence_19402,43.0,sequence_19403,50.9,1.0,0-1-1-1-179-28
633,sequence_20054,49.0,sequence_19403,50.9,1.0,0-1-1-1-179-28
85,sequence_53082,55.0,sequence_20062,57.9,1.0,0-0-0-0-49-29
345,sequence_19402,43.0,sequence_20062,57.9,1.0,0-0-0-0-49-29
605,sequence_20054,49.0,sequence_20062,57.9,1.0,0-0-0-0-49-29
125,sequence_53082,55.0,sequence_19429,50.9,1.0,0-1-1-1-242-17
385,sequence_19402,43.0,sequence_19429,50.9,1.0,0-1-1-1-242-17
645,sequence_20054,49.0,sequence_19429,50.9,1.0,0-1-1-1-242-17
171,sequence_53082,55.0,sequence_19524,46.4,1.0,0-0-0-0-240-5
431,sequence_19402,43.0,sequence_19524,46.4,1.0,0-0-0-0-240-5
691,sequence_20054,49.0,sequence_19524,46.4,1.0,0-0-0-0-240-5
208,sequence_53082,55.0,sequence_19459,59.2,1.0,0-1-1-1-152-28
468,sequence_19402,43.0,sequence_19459,59.2,1.0,0-1-1-1-152-28
728,sequence_20054,49.0,sequence_19459,59.2,1.0,0-1-1-1-152-28
227,sequence_53082,55.0,sequence_19478,60.1,1.0,0-0-0-0-9-33
487,sequence_19402,43.0,sequence_19478,60.1,1.0,0-0-0-0-9-33
747,sequence_20054,49.0,sequence_19478,60.1,1.0,0-0-0-0-9-33
131,sequence_53082,55.0,sequence_19467,64.4,1.0,0-0-0-0-125-32
391,sequence_19402,43.0,sequence_19467,64.4,1.0,0-0-0-0-125-32
651,sequence_20054,49.0,sequence_19467,64.4,1.0,0-0-0-0-125-32
100,sequence_53082,55.0,sequence_20057,51.9,1.0,0-0-0-0-153-19
360,sequence_19402,43.0,sequence_20057,51.9,1.0,0-0-0-0-153-19
620,sequence_20054,49.0,sequence_20057,51.9,1.0,0-0-0-0-153-19
59,sequence_53082,55.0,sequence_19432,51.0,1.0,0-0-0-0-210-1
319,sequence_19402,43.0,sequence_19432,51.0,1.0,0-0-0-0-210-1
579,sequence_20054,49.0,sequence_19432,51.0,1.0,0-0-0-0-210-1
16,sequence_53082,55.0,sequence_53062,49.1,1.0,0-1-1-1-74-37
276,sequence_19402,43.0,sequence_53062,49.1,1.0,0-1-1-1-74-37
536,sequence_20054,49.0,sequence_53062,49.1,1.0,0-1-1-1-74-37
220,sequence_53082,55.0,sequence_19353,64.3,1.0,0-0-0-0-54-32
480,sequence_19402,43.0,sequence_19353,64.3,1.0,0-0-0-0-54-32
740,sequence_20054,49.0,sequence_19353,64.3,1.0,0-0-0-0-54-32
89,sequence_53082,55.0,sequence_19422,46.6,1.0,0-0-0-0-235-21
349,sequence_19402,43.0,sequence_19422,46.6,1.0,0-0-0-0-235-21
609,sequence_20054,49.0,sequence_19422,46.6,1.0,0-0-0-0-235-21
82,sequence_53082,55.0,sequence_19378,52.4,1.0,0-0-0-0-175-12
342,sequence_19402,43.0,sequence_19378,52.4,1.0,0-0-0-0-175-12
602,sequence_20054,49.0,sequence_19378,52.4,1.0,0-0-0-0-175-12
189,sequence_53082,55.0,sequence_19452,44.2,1.0,0-0-0-0-251-26
449,sequence_19402,43.0,sequence_19452,44.2,1.0,0-0-0-0-251-26
709,sequence_20054,49.0,sequence_19452,44.2,1.0,0-0-0-0-251-26
19,sequence_53082,55.0,sequence_19417,47.9,1.0,0-0-0-0-223-5
279,sequence_19402,43.0,sequence_19417,47.9,1.0,0-0-0-0-223-5
539,sequence_20054,49.0,sequence_19417,47.9,1.0,0-0-0-0-223-5
48,sequence_53082,55.0,sequence_19497,54.9,1.0,0-0-0-0-56-30
308,sequence_19402,43.0,sequence_19497,54.9,1.0,0-0-0-0-56-30
568,sequence_20054,49.0,sequence_19497,54.9,1.0,0-0-0-0-56-30
93,sequence_53082,55.0,sequence_19488,51.3,1.0,0-0-0-0-231-11
353,sequence_19402,43.0,sequence_19488,51.3,1.0,0-0-0-0-231-11
613,sequence_20054,49.0,sequence_19488,51.3,1.0,0-0-0-0-231-11
258,sequence_53082,55.0,sequence_19380,48.1,1.0,0-1-1-1-51-37
518,sequence_19402,43.0,sequence_19380,48.1,1.0,0-1-1-1-51-37
778,sequence_20054,49.0,sequence_19380,48.1,1.0,0-1-1-1-51-37
2,sequence_53082,55.0,sequence_20048,39.8,1.0,0-0-0-0-200-5
262,sequence_19402,43.0,sequence_20048,39.8,1.0,0-0-0-0-200-5
522,sequence_20054,49.0,sequence_20048,39.8,1.0,0-0-0-0-200-5
0,sequence_53082,55.0,sequence_19402,43.0,1.0,0-0-0-0-187-16
521,sequence_20054,49.0,sequence_19402,43.0,1.0,0-0-0-0-187-16
122,sequence_53082,55.0,sequence_20073,51.0,1.0,0-0-0-0-109-19
382,sequence_19402,43.0,sequence_20073,51.0,1.0,0-0-0-0-109-19
642,sequence_20054,49.0,sequence_20073,51.0,1.0,0-0-0-0-109-19
195,sequence_53082,55.0,sequence_19424,50.9,1.0,0-0-0-0-135-9
455,sequence_19402,43.0,sequence_19424,50.9,1.0,0-0-0-0-135-9
715,sequence_20054,49.0,sequence_19424,50.9,1.0,0-0-0-0-135-9
170,sequence_53082,55.0,sequence_20066,49.9,1.0,0-0-0-0-186-10
430,sequence_19402,43.0,sequence_20066,49.9,1.0,0-0-0-0-186-10
690,sequence_20054,49.0,sequence_20066,49.9,1.0,0-0-0-0-186-10
45,sequence_53082,55.0,sequence_19446,39.5,1.0,0-0-0-0-249-13
305,sequence_19402,43.0,sequence_19446,39.5,1.0,0-0-0-0-249-13
565,sequence_20054,49.0,sequence_19446,39.5,1.0,0-0-0-0-249-13
250,sequence_53082,55.0,sequence_53098,42.0,1.0,0-0-0-0-60-35
510,sequence_19402,43.0,sequence_53098,42.0,1.0,0-0-0-0-60-35
770,sequence_20054,49.0,sequence_53098,42.0,1.0,0-0-0-0-60-35
13,sequence_53082,55.0,sequence_19523,50.8,1.0,0-0-0-0-212-1
273,sequence_19402,43.0,sequence_19523,50.8,1.0,0-0-0-0-212-1
533,sequence_20054,49.0,sequence_19523,50.8,1.0,0-0-0-0-212-1
241,sequence_53082,55.0,sequence_53083,51.0,1.0,0-1-1-1-15-0
501,sequence_19402,43.0,sequence_53083,51.0,1.0,0-1-1-1-15-0
761,sequence_20054,49.0,sequence_53083,51.0,1.0,0-1-1-1-15-0
103,sequence_53082,55.0,sequence_19389,44.0,1.0,0-0-0-0-221-5
363,sequence_19402,43.0,sequence_19389,44.0,1.0,0-0-0-0-221-5
623,sequence_20054,49.0,sequence_19389,44.0,1.0,0-0-0-0-221-5
212,sequence_53082,55.0,sequence_19480,62.8,1.0,0-0-0-0-120-30
472,sequence_19402,43.0,sequence_19480,62.8,1.0,0-0-0-0-120-30
732,sequence_20054,49.0,sequence_19480,62.8,1.0,0-0-0-0-120-30
164,sequence_53082,55.0,sequence_19489,49.1,1.0,0-0-0-0-201-1
424,sequence_19402,43.0,sequence_19489,49.1,1.0,0-0-0-0-201-1
684,sequence_20054,49.0,sequence_19489,49.1,1.0,0-0-0-0-201-1
78,sequence_53082,55.0,sequence_20051,42.5,1.0,0-0-0-0-215-5
338,sequence_19402,43.0,sequence_20051,42.5,1.0,0-0-0-0-215-5
598,sequence_20054,49.0,sequence_20051,42.5,1.0,0-0-0-0-215-5
242,sequence_53082,55.0,sequence_53088,48.0,1.0,0-0-0-0-85-35
502,sequence_19402,43.0,sequence_53088,48.0,1.0,0-0-0-0-85-35
762,sequence_20054,49.0,sequence_53088,48.0,1.0,0-0-0-0-85-35
91,sequence_53082,55.0,sequence_19431,50.5,1.0,0-0-0-0-197-20
351,sequence_19402,43.0,sequence_19431,50.5,1.0,0-0-0-0-197-20
611,sequence_20054,49.0,sequence_19431,50.5,1.0,0-0-0-0-197-20
182,sequence_53082,55.0,sequence_20053,54.7,1.0,0-0-0-0-122-34
442,sequence_19402,43.0,sequence_20053,54.7,1.0,0-0-0-0-122-34
702,sequence_20054,49.0,sequence_20053,54.7,1.0,0-0-0-0-122-34
114,sequence_53082,55.0,sequence_19428,49.3,1.0,0-0-0-0-81-25
374,sequence_19402,43.0,sequence_19428,49.3,1.0,0-0-0-0-81-25
634,sequence_20054,49.0,sequence_19428,49.3,1.0,0-0-0-0-81-25
22,sequence_53082,55.0,sequence_53079,47.8,1.0,0-0-0-0-236-21
282,sequence_19402,43.0,sequence_53079,47.8,1.0,0-0-0-0-236-21
542,sequence_20054,49.0,sequence_53079,47.8,1.0,0-0-0-0-236-21
72,sequence_53082,55.0,sequence_19439,49.5,1.0,0-0-0-0-147-26
332,sequence_19402,43.0,sequence_19439,49.5,1.0,0-0-0-0-147-26
592,sequence_20054,49.0,sequence_19439,49.5,1.0,0-0-0-0-147-26
49,sequence_53082,55.0,sequence_19490,52.9,1.0,0-0-0-0-259-21
309,sequence_19402,43.0,sequence_19490,52.9,1.0,0-0-0-0-259-21
569,sequence_20054,49.0,sequence_19490,52.9,1.0,0-0-0-0-259-21
166,sequence_53082,55.0,sequence_19408,51.1,1.0,0-0-0-0-103-22
426,sequence_19402,43.0,sequence_19408,51.1,1.0,0-0-0-0-103-22
686,sequence_20054,49.0,sequence_19408,51.1,1.0,0-0-0-0-103-22
126,sequence_53082,55.0,sequence_19416,49.4,1.0,0-0-0-0-176-9
386,sequence_19402,43.0,sequence_19416,49.4,1.0,0-0-0-0-176-9
646,sequence_20054,49.0,sequence_19416,49.4,1.0,0-0-0-0-176-9
30,sequence_53082,55.0,sequence_19430,45.7,1.0,0-0-0-0-255-26
290,sequence_19402,43.0,sequence_19430,45.7,1.0,0-0-0-0-255-26
550,sequence_20054,49.0,sequence_19430,45.7,1.0,0-0-0-0-255-26
194,sequence_53082,55.0,sequence_19398,46.2,1.0,0-0-0-0-224-21
454,sequence_19402,43.0,sequence_19398,46.2,1.0,0-0-0-0-224-21
714,sequence_20054,49.0,sequence_19398,46.2,1.0,0-0-0-0-224-21
204,sequence_53082,55.0,sequence_19360,63.5,1.0,0-0-0-0-62-34
464,sequence_19402,43.0,sequence_19360,63.5,1.0,0-0-0-0-62-34
724,sequence_20054,49.0,sequence_19360,63.5,1.0,0-0-0-0-62-34
1,sequence_53082,55.0,sequence_20054,49.0,1.0,0-0-0-0-226-10
261,sequence_19402,43.0,sequence_20054,49.0,1.0,0-0-0-0-226-10
145,sequence_53082,55.0,sequence_19469,50.5,1.0,0-0-0-0-104-15
405,sequence_19402,43.0,sequence_19469,50.5,1.0,0-0-0-0-104-15
665,sequence_20054,49.0,sequence_19469,50.5,1.0,0-0-0-0-104-15
253,sequence_53082,55.0,sequence_53099,53.0,1.0,0-1-1-1-22-0
513,sequence_19402,43.0,sequence_53099,53.0,1.0,0-1-1-1-22-0
773,sequence_20054,49.0,sequence_53099,53.0,1.0,0-1-1-1-22-0
74,sequence_53082,55.0,sequence_19451,51.0,1.0,0-0-0-0-66-34
334,sequence_19402,43.0,sequence_19451,51.0,1.0,0-0-0-0-66-34
594,sequence_20054,49.0,sequence_19451,51.0,1.0,0-0-0-0-66-34
37,sequence_53082,55.0,sequence_19506,49.3,1.0,0-0-0-0-247-21
297,sequence_19402,43.0,sequence_19506,49.3,1.0,0-0-0-0-247-21
557,sequence_20054,49.0,sequence_19506,49.3,1.0,0-0-0-0-247-21
123,sequence_53082,55.0,sequence_19442,47.4,1.0,0-0-0-0-108-13
383,sequence_19402,43.0,sequence_19442,47.4,1.0,0-0-0-0-108-13
643,sequence_20054,49.0,sequence_19442,47.4,1.0,0-0-0-0-108-13
252,sequence_53082,55.0,sequence_53084,39.0,1.0,0-1-1-1-93-0
512,sequence_19402,43.0,sequence_53084,39.0,1.0,0-1-1-1-93-0
772,sequence_20054,49.0,sequence_53084,39.0,1.0,0-1-1-1-93-0
154,sequence_53082,55.0,sequence_19491,48.8,1.0,0-0-0-0-258-16
414,sequence_19402,43.0,sequence_19491,48.8,1.0,0-0-0-0-258-16
674,sequence_20054,49.0,sequence_19491,48.8,1.0,0-0-0-0-258-16
136,sequence_53082,55.0,sequence_53069,50.9,1.0,0-0-0-0-5-3
396,sequence_19402,43.0,sequence_53069,50.9,1.0,0-0-0-0-5-3
656,sequence_20054,49.0,sequence_53069,50.9,1.0,0-0-0-0-5-3
34,sequence_53082,55.0,sequence_20072,48.7,1.0,0-0-0-0-47-7
294,sequence_19402,43.0,sequence_20072,48.7,1.0,0-0-0-0-47-7
554,sequence_20054,49.0,sequence_20072,48.7,1.0,0-0-0-0-47-7
84,sequence_53082,55.0,sequence_19433,50.1,1.0,0-0-0-0-225-11
344,sequence_19402,43.0,sequence_19433,50.1,1.0,0-0-0-0-225-11
604,sequence_20054,49.0,sequence_19433,50.1,1.0,0-0-0-0-225-11
52,sequence_53082,55.0,sequence_19405,48.7,1.0,0-0-0-0-143-22
312,sequence_19402,43.0,sequence_19405,48.7,1.0,0-0-0-0-143-22
572,sequence_20054,49.0,sequence_19405,48.7,1.0,0-0-0-0-143-22
64,sequence_53082,55.0,sequence_19392,50.5,1.0,0-0-0-0-195-23
324,sequence_19402,43.0,sequence_19392,50.5,1.0,0-0-0-0-195-23
584,sequence_20054,49.0,sequence_19392,50.5,1.0,0-0-0-0-195-23
231,sequence_53082,55.0,sequence_19482,59.3,1.0,0-0-0-0-139-31
491,sequence_19402,43.0,sequence_19482,59.3,1.0,0-0-0-0-139-31
751,sequence_20054,49.0,sequence_19482,59.3,1.0,0-0-0-0-139-31
155,sequence_53082,55.0,sequence_19421,53.0,1.0,0-0-0-0-185-20
415,sequence_19402,43.0,sequence_19421,53.0,1.0,0-0-0-0-185-20
675,sequence_20054,49.0,sequence_19421,53.0,1.0,0-0-0-0-185-20
71,sequence_53082,55.0,sequence_19390,46.3,1.0,0-0-0-0-178-11
331,sequence_19402,43.0,sequence_19390,46.3,1.0,0-0-0-0-178-11
591,sequence_20054,49.0,sequence_19390,46.3,1.0,0-0-0-0-178-11
10,sequence_53082,55.0,sequence_19453,47.3,1.0,0-0-0-0-183-26
270,sequence_19402,43.0,sequence_19453,47.3,1.0,0-0-0-0-183-26
530,sequence_20054,49.0,sequence_19453,47.3,1.0,0-0-0-0-183-26
3,sequence_53082,55.0,sequence_20036,52.9,1.0,0-0-0-0-24-10
263,sequence_19402,43.0,sequence_20036,52.9,1.0,0-0-0-0-24-10
523,sequence_20054,49.0,sequence_20036,52.9,1.0,0-0-0-0-24-10
180,sequence_53082,55.0,sequence_53067,40.9,1.0,0-0-0-0-164-4
440,sequence_19402,43.0,sequence_53067,40.9,1.0,0-0-0-0-164-4
700,sequence_20054,49.0,sequence_53067,40.9,1.0,0-0-0-0-164-4
101,sequence_53082,55.0,sequence_19438,56.1,1.0,0-0-0-0-76-32
361,sequence_19402,43.0,sequence_19438,56.1,1.0,0-0-0-0-76-32
621,sequence_20054,49.0,sequence_19438,56.1,1.0,0-0-0-0-76-32
4,sequence_53082,55.0,sequence_19525,48.8,1.0,0-0-0-0-173-1
264,sequence_19402,43.0,sequence_19525,48.8,1.0,0-0-0-0-173-1
524,sequence_20054,49.0,sequence_19525,48.8,1.0,0-0-0-0-173-1
29,sequence_53082,55.0,sequence_53059,47.1,1.0,0-0-0-0-115-3
289,sequence_19402,43.0,sequence_53059,47.1,1.0,0-0-0-0-115-3
549,sequence_20054,49.0,sequence_53059,47.1,1.0,0-0-0-0-115-3
40,sequence_53082,55.0,sequence_19498,63.2,1.0,0-0-0-0-50-34
300,sequence_19402,43.0,sequence_19498,63.2,1.0,0-0-0-0-50-34
560,sequence_20054,49.0,sequence_19498,63.2,1.0,0-0-0-0-50-34
56,sequence_53082,55.0,sequence_19354,60.0,1.0,0-0-0-0-68-9
316,sequence_19402,43.0,sequence_19354,60.0,1.0,0-0-0-0-68-9
576,sequence_20054,49.0,sequence_19354,60.0,1.0,0-0-0-0-68-9
148,sequence_53082,55.0,sequence_19457,43.6,1.0,0-0-0-0-198-20
408,sequence_19402,43.0,sequence_19457,43.6,1.0,0-0-0-0-198-20
668,sequence_20054,49.0,sequence_19457,43.6,1.0,0-0-0-0-198-20
168,sequence_53082,55.0,sequence_19372,49.2,1.0,0-0-0-0-230-23
428,sequence_19402,43.0,sequence_19372,49.2,1.0,0-0-0-0-230-23
688,sequence_20054,49.0,sequence_19372,49.2,1.0,0-0-0-0-230-23
190,sequence_53082,55.0,sequence_19407,49.2,1.0,0-0-0-0-10-25
450,sequence_19402,43.0,sequence_19407,49.2,1.0,0-0-0-0-10-25
710,sequence_20054,49.0,sequence_19407,49.2,1.0,0-0-0-0-10-25
201,sequence_53082,55.0,sequence_19366,60.0,1.0,0-0-0-0-79-30
461,sequence_19402,43.0,sequence_19366,60.0,1.0,0-0-0-0-79-30
721,sequence_20054,49.0,sequence_19366,60.0,1.0,0-0-0-0-79-30
196,sequence_53082,55.0,sequence_20037,57.8,1.0,0-0-0-0-48-34
456,sequence_19402,43.0,sequence_20037,57.8,1.0,0-0-0-0-48-34
716,sequence_20054,49.0,sequence_20037,57.8,1.0,0-0-0-0-48-34
39,sequence_53082,55.0,sequence_19530,45.6,1.0,0-0-0-0-246-16
299,sequence_19402,43.0,sequence_19530,45.6,1.0,0-0-0-0-246-16
559,sequence_20054,49.0,sequence_19530,45.6,1.0,0-0-0-0-246-16
179,sequence_53082,55.0,sequence_19456,48.0,1.0,0-0-0-0-229-20
439,sequence_19402,43.0,sequence_19456,48.0,1.0,0-0-0-0-229-20
699,sequence_20054,49.0,sequence_19456,48.0,1.0,0-0-0-0-229-20
47,sequence_53082,55.0,sequence_20043,46.6,1.0,0-1-1-1-58-24
307,sequence_19402,43.0,sequence_20043,46.6,1.0,0-1-1-1-58-24
567,sequence_20054,49.0,sequence_20043,46.6,1.0,0-1-1-1-58-24
185,sequence_53082,55.0,sequence_20047,49.9,1.0,0-0-0-0-4-34
445,sequence_19402,43.0,sequence_20047,49.9,1.0,0-0-0-0-4-34
705,sequence_20054,49.0,sequence_20047,49.9,1.0,0-0-0-0-4-34
135,sequence_53082,55.0,sequence_19435,51.4,1.0,0-0-0-0-241-20
395,sequence_19402,43.0,sequence_19435,51.4,1.0,0-0-0-0-241-20
655,sequence_20054,49.0,sequence_19435,51.4,1.0,0-0-0-0-241-20
42,sequence_53082,55.0,sequence_19386,50.7,1.0,0-0-0-0-134-2
302,sequence_19402,43.0,sequence_19386,50.7,1.0,0-0-0-0-134-2
562,sequence_20054,49.0,sequence_19386,50.7,1.0,0-0-0-0-134-2
238,sequence_53082,55.0,sequence_19411,58.0,1.0,0-0-0-0-39-34
498,sequence_19402,43.0,sequence_19411,58.0,1.0,0-0-0-0-39-34
758,sequence_20054,49.0,sequence_19411,58.0,1.0,0-0-0-0-39-34
200,sequence_53082,55.0,sequence_19364,57.1,1.0,0-0-0-0-2-33
460,sequence_19402,43.0,sequence_19364,57.1,1.0,0-0-0-0-2-33
720,sequence_20054,49.0,sequence_19364,57.1,1.0,0-0-0-0-2-33
142,sequence_53082,55.0,sequence_19387,47.7,1.0,0-0-0-0-0-18
402,sequence_19402,43.0,sequence_19387,47.7,1.0,0-0-0-0-0-18
662,sequence_20054,49.0,sequence_19387,47.7,1.0,0-0-0-0-0-18
210,sequence_53082,55.0,sequence_19465,62.9,1.0,0-0-0-0-94-32
470,sequence_19402,43.0,sequence_19465,62.9,1.0,0-0-0-0-94-32
730,sequence_20054,49.0,sequence_19465,62.9,1.0,0-0-0-0-94-32
90,sequence_53082,55.0,sequence_19495,58.9,1.0,0-0-0-0-196-1
350,sequence_19402,43.0,sequence_19495,58.9,1.0,0-0-0-0-196-1
610,sequence_20054,49.0,sequence_19495,58.9,1.0,0-0-0-0-196-1
117,sequence_53082,55.0,sequence_19521,53.0,1.0,0-1-1-1-206-6
377,sequence_19402,43.0,sequence_19521,53.0,1.0,0-1-1-1-206-6
637,sequence_20054,49.0,sequence_19521,53.0,1.0,0-1-1-1-206-6
107,sequence_53082,55.0,sequence_20076,55.7,1.0,0-0-0-0-59-7
367,sequence_19402,43.0,sequence_20076,55.7,1.0,0-0-0-0-59-7
627,sequence_20054,49.0,sequence_20076,55.7,1.0,0-0-0-0-59-7
111,sequence_53082,55.0,sequence_19492,58.5,1.0,0-0-0-0-177-30
371,sequence_19402,43.0,sequence_19492,58.5,1.0,0-0-0-0-177-30
631,sequence_20054,49.0,sequence_19492,58.5,1.0,0-0-0-0-177-30
186,sequence_53082,55.0,sequence_19528,47.1,1.0,0-0-0-0-218-21
446,sequence_19402,43.0,sequence_19528,47.1,1.0,0-0-0-0-218-21
706,sequence_20054,49.0,sequence_19528,47.1,1.0,0-0-0-0-218-21
211,sequence_53082,55.0,sequence_19476,62.2,1.0,0-0-0-0-127-31
471,sequence_19402,43.0,sequence_19476,62.2,1.0,0-0-0-0-127-31
731,sequence_20054,49.0,sequence_19476,62.2,1.0,0-0-0-0-127-31
86,sequence_53082,55.0,sequence_19393,53.7,1.0,0-0-0-0-156-34
346,sequence_19402,43.0,sequence_19393,53.7,1.0,0-0-0-0-156-34
606,sequence_20054,49.0,sequence_19393,53.7,1.0,0-0-0-0-156-34
214,sequence_53082,55.0,sequence_19464,62.2,1.0,0-0-0-0-149-30
474,sequence_19402,43.0,sequence_19464,62.2,1.0,0-0-0-0-149-30
734,sequence_20054,49.0,sequence_19464,62.2,1.0,0-0-0-0-149-30
62,sequence_53082,55.0,sequence_19505,42.4,1.0,0-0-0-0-181-5
322,sequence_19402,43.0,sequence_19505,42.4,1.0,0-0-0-0-181-5
582,sequence_20054,49.0,sequence_19505,42.4,1.0,0-0-0-0-181-5
144,sequence_53082,55.0,sequence_19448,46.3,1.0,0-0-0-0-124-13
404,sequence_19402,43.0,sequence_19448,46.3,1.0,0-0-0-0-124-13
664,sequence_20054,49.0,sequence_19448,46.3,1.0,0-0-0-0-124-13
218,sequence_53082,55.0,sequence_19471,60.0,1.0,0-0-0-0-55-29
478,sequence_19402,43.0,sequence_19471,60.0,1.0,0-0-0-0-55-29
738,sequence_20054,49.0,sequence_19471,60.0,1.0,0-0-0-0-55-29
38,sequence_53082,55.0,sequence_20064,47.3,1.0,0-1-1-1-254-27
298,sequence_19402,43.0,sequence_20064,47.3,1.0,0-1-1-1-254-27
558,sequence_20054,49.0,sequence_20064,47.3,1.0,0-1-1-1-254-27
256,sequence_53082,55.0,sequence_19379,50.3,1.0,0-1-1-1-31-36
516,sequence_19402,43.0,sequence_19379,50.3,1.0,0-1-1-1-31-36
776,sequence_20054,49.0,sequence_19379,50.3,1.0,0-1-1-1-31-36
115,sequence_53082,55.0,sequence_19377,50.3,1.0,0-0-0-0-243-16
375,sequence_19402,43.0,sequence_19377,50.3,1.0,0-0-0-0-243-16
635,sequence_20054,49.0,sequence_19377,50.3,1.0,0-0-0-0-243-16
257,sequence_53082,55.0,sequence_19348,46.7,1.0,0-1-1-1-126-37
517,sequence_19402,43.0,sequence_19348,46.7,1.0,0-1-1-1-126-37
777,sequence_20054,49.0,sequence_19348,46.7,1.0,0-1-1-1-126-37
66,sequence_53082,55.0,sequence_20056,56.9,1.0,0-1-1-1-100-28
326,sequence_19402,43.0,sequence_20056,56.9,1.0,0-1-1-1-100-28
586,sequence_20054,49.0,sequence_20056,56.9,1.0,0-1-1-1-100-28
121,sequence_53082,55.0,sequence_53080,50.4,1.0,0-0-0-0-8-3
381,sequence_19402,43.0,sequence_53080,50.4,1.0,0-0-0-0-8-3
641,sequence_20054,49.0,sequence_53080,50.4,1.0,0-0-0-0-8-3
32,sequence_53082,55.0,sequence_19369,47.9,1.0,0-1-1-1-157-6
292,sequence_19402,43.0,sequence_19369,47.9,1.0,0-1-1-1-157-6
552,sequence_20054,49.0,sequence_19369,47.9,1.0,0-1-1-1-157-6
106,sequence_53082,55.0,sequence_19420,40.6,1.0,0-0-0-0-98-12
366,sequence_19402,43.0,sequence_19420,40.6,1.0,0-0-0-0-98-12
626,sequence_20054,49.0,sequence_19420,40.6,1.0,0-0-0-0-98-12
162,sequence_53082,55.0,sequence_19395,49.7,1.0,0-0-0-0-119-23
422,sequence_19402,43.0,sequence_19395,49.7,1.0,0-0-0-0-119-23
682,sequence_20054,49.0,sequence_19395,49.7,1.0,0-0-0-0-119-23
181,sequence_53082,55.0,sequence_19502,59.9,1.0,0-0-0-0-65-30
441,sequence_19402,43.0,sequence_19502,59.9,1.0,0-0-0-0-65-30
701,sequence_20054,49.0,sequence_19502,59.9,1.0,0-0-0-0-65-30
55,sequence_53082,55.0,sequence_19409,51.1,1.0,0-0-0-0-67-11
315,sequence_19402,43.0,sequence_19409,51.1,1.0,0-0-0-0-67-11
575,sequence_20054,49.0,sequence_19409,51.1,1.0,0-0-0-0-67-11
160,sequence_53082,55.0,sequence_19501,57.2,1.0,0-0-0-0-29-25
420,sequence_19402,43.0,sequence_19501,57.2,1.0,0-0-0-0-29-25
680,sequence_20054,49.0,sequence_19501,57.2,1.0,0-0-0-0-29-25
75,sequence_53082,55.0,sequence_20041,48.5,1.0,0-0-0-0-191-12
335,sequence_19402,43.0,sequence_20041,48.5,1.0,0-0-0-0-191-12
595,sequence_20054,49.0,sequence_20041,48.5,1.0,0-0-0-0-191-12
87,sequence_53082,55.0,sequence_20065,46.5,1.0,0-0-0-0-182-10
347,sequence_19402,43.0,sequence_20065,46.5,1.0,0-0-0-0-182-10
607,sequence_20054,49.0,sequence_20065,46.5,1.0,0-0-0-0-182-10
119,sequence_53082,55.0,sequence_19412,55.3,1.0,0-0-0-0-46-18
379,sequence_19402,43.0,sequence_19412,55.3,1.0,0-0-0-0-46-18
639,sequence_20054,49.0,sequence_19412,55.3,1.0,0-0-0-0-46-18
7,sequence_53082,55.0,sequence_19477,61.5,1.0,0-0-0-0-112-18
267,sequence_19402,43.0,sequence_19477,61.5,1.0,0-0-0-0-112-18
527,sequence_20054,49.0,sequence_19477,61.5,1.0,0-0-0-0-112-18
33,sequence_53082,55.0,sequence_53064,48.4,1.0,0-0-0-0-53-4
293,sequence_19402,43.0,sequence_53064,48.4,1.0,0-0-0-0-53-4
553,sequence_20054,49.0,sequence_53064,48.4,1.0,0-0-0-0-53-4
133,sequence_53082,55.0,sequence_19396,43.1,1.0,0-0-0-0-63-12
393,sequence_19402,43.0,sequence_19396,43.1,1.0,0-0-0-0-63-12
653,sequence_20054,49.0,sequence_19396,43.1,1.0,0-0-0-0-63-12
177,sequence_53082,55.0,sequence_53073,53.8,1.0,0-0-0-0-37-3
437,sequence_19402,43.0,sequence_53073,53.8,1.0,0-0-0-0-37-3
697,sequence_20054,49.0,sequence_53073,53.8,1.0,0-0-0-0-37-3
169,sequence_53082,55.0,sequence_19507,46.0,1.0,0-0-0-0-227-23
429,sequence_19402,43.0,sequence_19507,46.0,1.0,0-0-0-0-227-23
689,sequence_20054,49.0,sequence_19507,46.0,1.0,0-0-0-0-227-23
221,sequence_53082,55.0,sequence_19461,61.2,1.0,0-1-1-1-168-28
481,sequence_19402,43.0,sequence_19461,61.2,1.0,0-1-1-1-168-28
741,sequence_20054,49.0,sequence_19461,61.2,1.0,0-1-1-1-168-28
167,sequence_53082,55.0,sequence_53076,46.3,1.0,0-1-1-1-211-28
427,sequence_19402,43.0,sequence_53076,46.3,1.0,0-1-1-1-211-28
687,sequence_20054,49.0,sequence_53076,46.3,1.0,0-1-1-1-211-28
31,sequence_53082,55.0,sequence_20052,42.9,1.0,0-0-0-0-141-10
291,sequence_19402,43.0,sequence_20052,42.9,1.0,0-0-0-0-141-10
551,sequence_20054,49.0,sequence_20052,42.9,1.0,0-0-0-0-141-10
23,sequence_53082,55.0,sequence_20042,49.4,1.0,0-0-0-0-194-8
283,sequence_19402,43.0,sequence_20042,49.4,1.0,0-0-0-0-194-8
543,sequence_20054,49.0,sequence_20042,49.4,1.0,0-0-0-0-194-8
165,sequence_53082,55.0,sequence_19440,48.5,1.0,0-0-0-0-146-22
425,sequence_19402,43.0,sequence_19440,48.5,1.0,0-0-0-0-146-22
685,sequence_20054,49.0,sequence_19440,48.5,1.0,0-0-0-0-146-22
109,sequence_53082,55.0,sequence_19399,47.5,1.0,0-0-0-0-216-16
369,sequence_19402,43.0,sequence_19399,47.5,1.0,0-0-0-0-216-16
629,sequence_20054,49.0,sequence_19399,47.5,1.0,0-0-0-0-216-16
46,sequence_53082,55.0,sequence_20063,48.9,1.0,0-0-0-0-169-19
306,sequence_19402,43.0,sequence_20063,48.9,1.0,0-0-0-0-169-19
566,sequence_20054,49.0,sequence_20063,48.9,1.0,0-0-0-0-169-19
92,sequence_53082,55.0,sequence_20058,54.9,1.0,0-0-0-0-180-19
352,sequence_19402,43.0,sequence_20058,54.9,1.0,0-0-0-0-180-19
612,sequence_20054,49.0,sequence_20058,54.9,1.0,0-0-0-0-180-19
213,sequence_53082,55.0,sequence_19463,62.7,1.0,0-1-1-1-121-28
473,sequence_19402,43.0,sequence_19463,62.7,1.0,0-1-1-1-121-28
733,sequence_20054,49.0,sequence_19463,62.7,1.0,0-1-1-1-121-28
130,sequence_53082,55.0,sequence_20059,52.3,1.0,0-0-0-0-95-7
390,sequence_19402,43.0,sequence_20059,52.3,1.0,0-0-0-0-95-7
650,sequence_20054,49.0,sequence_20059,52.3,1.0,0-0-0-0-95-7
97,sequence_53082,55.0,sequence_53074,48.3,1.0,0-0-0-0-12-3
357,sequence_19402,43.0,sequence_53074,48.3,1.0,0-0-0-0-12-3
617,sequence_20054,49.0,sequence_53074,48.3,1.0,0-0-0-0-12-3
27,sequence_53082,55.0,sequence_53085,51.2,1.0,0-0-0-0-78-31
287,sequence_19402,43.0,sequence_53085,51.2,1.0,0-0-0-0-78-31
547,sequence_20054,49.0,sequence_53085,51.2,1.0,0-0-0-0-78-31
28,sequence_53082,55.0,sequence_19509,50.6,1.0,0-0-0-0-159-1
288,sequence_19402,43.0,sequence_19509,50.6,1.0,0-0-0-0-159-1
548,sequence_20054,49.0,sequence_19509,50.6,1.0,0-0-0-0-159-1
25,sequence_53082,55.0,sequence_19425,56.9,1.0,0-0-0-0-87-25
285,sequence_19402,43.0,sequence_19425,56.9,1.0,0-0-0-0-87-25
545,sequence_20054,49.0,sequence_19425,56.9,1.0,0-0-0-0-87-25
9,sequence_53082,55.0,sequence_19500,51.2,1.0,0-0-0-0-75-15
269,sequence_19402,43.0,sequence_19500,51.2,1.0,0-0-0-0-75-15
529,sequence_20054,49.0,sequence_19500,51.2,1.0,0-0-0-0-75-15
178,sequence_53082,55.0,sequence_20034,52.0,1.0,0-1-1-1-111-24
438,sequence_19402,43.0,sequence_20034,52.0,1.0,0-1-1-1-111-24
698,sequence_20054,49.0,sequence_20034,52.0,1.0,0-1-1-1-111-24
236,sequence_53082,55.0,sequence_19520,58.7,1.0,0-0-0-0-41-29
496,sequence_19402,43.0,sequence_19520,58.7,1.0,0-0-0-0-41-29
756,sequence_20054,49.0,sequence_19520,58.7,1.0,0-0-0-0-41-29
105,sequence_53082,55.0,sequence_20068,50.6,1.0,0-0-0-0-13-10
365,sequence_19402,43.0,sequence_20068,50.6,1.0,0-0-0-0-13-10
625,sequence_20054,49.0,sequence_20068,50.6,1.0,0-0-0-0-13-10
143,sequence_53082,55.0,sequence_53061,50.6,1.0,0-1-1-1-18-28
403,sequence_19402,43.0,sequence_53061,50.6,1.0,0-1-1-1-18-28
663,sequence_20054,49.0,sequence_53061,50.6,1.0,0-1-1-1-18-28
140,sequence_53082,55.0,sequence_19516,51.9,1.0,0-0-0-0-3-33
400,sequence_19402,43.0,sequence_19516,51.9,1.0,0-0-0-0-3-33
660,sequence_20054,49.0,sequence_19516,51.9,1.0,0-0-0-0-3-33
225,sequence_53082,55.0,sequence_19362,61.0,1.0,0-0-0-0-84-18
485,sequence_19402,43.0,sequence_19362,61.0,1.0,0-0-0-0-84-18
745,sequence_20054,49.0,sequence_19362,61.0,1.0,0-0-0-0-84-18
15,sequence_53082,55.0,sequence_20069,53.4,1.0,0-0-0-0-148-19
275,sequence_19402,43.0,sequence_20069,53.4,1.0,0-0-0-0-148-19
535,sequence_20054,49.0,sequence_20069,53.4,1.0,0-0-0-0-148-19
146,sequence_53082,55.0,sequence_19449,54.3,1.0,0-0-0-0-102-34
406,sequence_19402,43.0,sequence_19449,54.3,1.0,0-0-0-0-102-34
666,sequence_20054,49.0,sequence_19449,54.3,1.0,0-0-0-0-102-34
229,sequence_53082,55.0,sequence_19460,61.0,1.0,0-1-1-1-203-27
489,sequence_19402,43.0,sequence_19460,61.0,1.0,0-1-1-1-203-27
749,sequence_20054,49.0,sequence_19460,61.0,1.0,0-1-1-1-203-27
193,sequence_53082,55.0,sequence_19487,55.9,1.0,0-0-0-0-237-11
453,sequence_19402,43.0,sequence_19487,55.9,1.0,0-0-0-0-237-11
713,sequence_20054,49.0,sequence_19487,55.9,1.0,0-0-0-0-237-11
176,sequence_53082,55.0,sequence_19484,52.0,1.0,0-1-1-1-260-28
436,sequence_19402,43.0,sequence_19484,52.0,1.0,0-1-1-1-260-28
696,sequence_20054,49.0,sequence_19484,52.0,1.0,0-1-1-1-260-28
98,sequence_53082,55.0,sequence_20050,47.9,1.0,0-0-0-0-90-22
358,sequence_19402,43.0,sequence_20050,47.9,1.0,0-0-0-0-90-22
618,sequence_20054,49.0,sequence_20050,47.9,1.0,0-0-0-0-90-22
157,sequence_53082,55.0,sequence_19368,56.2,1.0,0-0-0-0-38-18
417,sequence_19402,43.0,sequence_19368,56.2,1.0,0-0-0-0-38-18
677,sequence_20054,49.0,sequence_19368,56.2,1.0,0-0-0-0-38-18
187,sequence_53082,55.0,sequence_19455,44.5,1.0,0-0-0-0-252-26
447,sequence_19402,43.0,sequence_19455,44.5,1.0,0-0-0-0-252-26
707,sequence_20054,49.0,sequence_19455,44.5,1.0,0-0-0-0-252-26
209,sequence_53082,55.0,sequence_19481,63.1,1.0,0-0-0-0-64-29
469,sequence_19402,43.0,sequence_19481,63.1,1.0,0-0-0-0-64-29
729,sequence_20054,49.0,sequence_19481,63.1,1.0,0-0-0-0-64-29
184,sequence_53082,55.0,sequence_19365,53.0,1.0,0-0-0-0-35-25
444,sequence_19402,43.0,sequence_19365,53.0,1.0,0-0-0-0-35-25
704,sequence_20054,49.0,sequence_19365,53.0,1.0,0-0-0-0-35-25
14,sequence_53082,55.0,sequence_53078,43.3,1.0,0-0-0-0-150-3
274,sequence_19402,43.0,sequence_53078,43.3,1.0,0-0-0-0-150-3
534,sequence_20054,49.0,sequence_53078,43.3,1.0,0-0-0-0-150-3
137,sequence_53082,55.0,sequence_19418,47.2,1.0,0-0-0-0-234-5
397,sequence_19402,43.0,sequence_19418,47.2,1.0,0-0-0-0-234-5
657,sequence_20054,49.0,sequence_19418,47.2,1.0,0-0-0-0-234-5
163,sequence_53082,55.0,sequence_19510,47.8,1.0,0-0-0-0-244-21
423,sequence_19402,43.0,sequence_19510,47.8,1.0,0-0-0-0-244-21
683,sequence_20054,49.0,sequence_19510,47.8,1.0,0-0-0-0-244-21
197,sequence_53082,55.0,sequence_53058,51.2,1.0,0-0-0-0-45-8
457,sequence_19402,43.0,sequence_53058,51.2,1.0,0-0-0-0-45-8
717,sequence_20054,49.0,sequence_53058,51.2,1.0,0-0-0-0-45-8
249,sequence_53082,55.0,sequence_53072,47.0,1.0,0-1-1-1-44-0
509,sequence_19402,43.0,sequence_53072,47.0,1.0,0-1-1-1-44-0
769,sequence_20054,49.0,sequence_53072,47.0,1.0,0-1-1-1-44-0
99,sequence_53082,55.0,sequence_19515,50.4,1.0,0-0-0-0-174-2
359,sequence_19402,43.0,sequence_19515,50.4,1.0,0-0-0-0-174-2
619,sequence_20054,49.0,sequence_19515,50.4,1.0,0-0-0-0-174-2
58,sequence_53082,55.0,sequence_19370,51.7,1.0,0-1-1-1-208-6
318,sequence_19402,43.0,sequence_19370,51.7,1.0,0-1-1-1-208-6
578,sequence_20054,49.0,sequence_19370,51.7,1.0,0-1-1-1-208-6
8,sequence_53082,55.0,sequence_19363,54.6,1.0,0-0-0-0-170-2
268,sequence_19402,43.0,sequence_19363,54.6,1.0,0-0-0-0-170-2
528,sequence_20054,49.0,sequence_19363,54.6,1.0,0-0-0-0-170-2
149,sequence_53082,55.0,sequence_19466,56.9,1.0,0-0-0-0-162-31
409,sequence_19402,43.0,sequence_19466,56.9,1.0,0-0-0-0-162-31
669,sequence_20054,49.0,sequence_19466,56.9,1.0,0-0-0-0-162-31
127,sequence_53082,55.0,sequence_20055,46.3,1.0,0-0-0-0-204-10
387,sequence_19402,43.0,sequence_20055,46.3,1.0,0-0-0-0-204-10
647,sequence_20054,49.0,sequence_20055,46.3,1.0,0-0-0-0-204-10
134,sequence_53082,55.0,sequence_19527,50.1,1.0,0-0-0-0-207-23
394,sequence_19402,43.0,sequence_19527,50.1,1.0,0-0-0-0-207-23
654,sequence_20054,49.0,sequence_19527,50.1,1.0,0-0-0-0-207-23
215,sequence_53082,55.0,sequence_19359,59.3,1.0,0-0-0-0-116-30
475,sequence_19402,43.0,sequence_19359,59.3,1.0,0-0-0-0-116-30
735,sequence_20054,49.0,sequence_19359,59.3,1.0,0-0-0-0-116-30
102,sequence_53082,55.0,sequence_19486,54.2,1.0,0-0-0-0-192-1
362,sequence_19402,43.0,sequence_19486,54.2,1.0,0-0-0-0-192-1
622,sequence_20054,49.0,sequence_19486,54.2,1.0,0-0-0-0-192-1
232,sequence_53082,55.0,sequence_19518,61.6,1.0,0-0-0-0-77-34
492,sequence_19402,43.0,sequence_19518,61.6,1.0,0-0-0-0-77-34
752,sequence_20054,49.0,sequence_19518,61.6,1.0,0-0-0-0-77-34
259,sequence_53082,55.0,sequence_19401,47.4,1.0,0-1-1-1-97-36
519,sequence_19402,43.0,sequence_19401,47.4,1.0,0-1-1-1-97-36
779,sequence_20054,49.0,sequence_19401,47.4,1.0,0-1-1-1-97-36
183,sequence_53082,55.0,sequence_19355,58.8,1.0,0-0-0-0-132-22
443,sequence_19402,43.0,sequence_19355,58.8,1.0,0-0-0-0-132-22
703,sequence_20054,49.0,sequence_19355,58.8,1.0,0-0-0-0-132-22
233,sequence_53082,55.0,sequence_19356,59.0,1.0,0-0-0-0-73-30
493,sequence_19402,43.0,sequence_19356,59.0,1.0,0-0-0-0-73-30
753,sequence_20054,49.0,sequence_19356,59.0,1.0,0-0-0-0-73-30
73,sequence_53082,55.0,sequence_20071,44.9,1.0,0-0-0-0-96-7
333,sequence_19402,43.0,sequence_20071,44.9,1.0,0-0-0-0-96-7
593,sequence_20054,49.0,sequence_20071,44.9,1.0,0-0-0-0-96-7
11,sequence_53082,55.0,sequence_53075,51.6,1.0,0-0-0-0-19-3
271,sequence_19402,43.0,sequence_53075,51.6,1.0,0-0-0-0-19-3
531,sequence_20054,49.0,sequence_53075,51.6,1.0,0-0-0-0-19-3
198,sequence_53082,55.0,sequence_19458,62.9,1.0,0-1-1-1-188-27
458,sequence_19402,43.0,sequence_19458,62.9,1.0,0-1-1-1-188-27
718,sequence_20054,49.0,sequence_19458,62.9,1.0,0-1-1-1-188-27
12,sequence_53082,55.0,sequence_19522,45.4,1.0,0-0-0-0-256-21
272,sequence_19402,43.0,sequence_19522,45.4,1.0,0-0-0-0-256-21
532,sequence_20054,49.0,sequence_19522,45.4,1.0,0-0-0-0-256-21
226,sequence_53082,55.0,sequence_19349,58.9,1.0,0-1-1-1-155-27
486,sequence_19402,43.0,sequence_19349,58.9,1.0,0-1-1-1-155-27
746,sequence_20054,49.0,sequence_19349,58.9,1.0,0-1-1-1-155-27
5,sequence_53082,55.0,sequence_20061,45.0,1.0,0-0-0-0-17-33
265,sequence_19402,43.0,sequence_20061,45.0,1.0,0-0-0-0-17-33
525,sequence_20054,49.0,sequence_20061,45.0,1.0,0-0-0-0-17-33
24,sequence_53082,55.0,sequence_19419,53.3,1.0,0-0-0-0-209-20
284,sequence_19402,43.0,sequence_19419,53.3,1.0,0-0-0-0-209-20
544,sequence_20054,49.0,sequence_19419,53.3,1.0,0-0-0-0-209-20
108,sequence_53082,55.0,sequence_20070,51.8,1.0,0-0-0-0-89-8
368,sequence_19402,43.0,sequence_20070,51.8,1.0,0-0-0-0-89-8
628,sequence_20054,49.0,sequence_20070,51.8,1.0,0-0-0-0-89-8
202,sequence_53082,55.0,sequence_19361,55.6,1.0,0-0-0-0-138-31
462,sequence_19402,43.0,sequence_19361,55.6,1.0,0-0-0-0-138-31
722,sequence_20054,49.0,sequence_19361,55.6,1.0,0-0-0-0-138-31
248,sequence_53082,55.0,sequence_53068,36.0,1.0,0-0-0-0-32-35
508,sequence_19402,43.0,sequence_53068,36.0,1.0,0-0-0-0-32-35
768,sequence_20054,49.0,sequence_53068,36.0,1.0,0-0-0-0-32-35
161,sequence_53082,55.0,sequence_20074,47.1,1.0,0-0-0-0-133-19
421,sequence_19402,43.0,sequence_20074,47.1,1.0,0-0-0-0-133-19
681,sequence_20054,49.0,sequence_20074,47.1,1.0,0-0-0-0-133-19
173,sequence_53082,55.0,sequence_19485,58.0,1.0,0-0-0-0-219-1
433,sequence_19402,43.0,sequence_19485,58.0,1.0,0-0-0-0-219-1
693,sequence_20054,49.0,sequence_19485,58.0,1.0,0-0-0-0-219-1
219,sequence_53082,55.0,sequence_19475,59.1,1.0,0-0-0-0-167-31
479,sequence_19402,43.0,sequence_19475,59.1,1.0,0-0-0-0-167-31
739,sequence_20054,49.0,sequence_19475,59.1,1.0,0-0-0-0-167-31
51,sequence_53082,55.0,sequence_19406,53.8,1.0,0-0-0-0-42-9
311,sequence_19402,43.0,sequence_19406,53.8,1.0,0-0-0-0-42-9
571,sequence_20054,49.0,sequence_19406,53.8,1.0,0-0-0-0-42-9
234,sequence_53082,55.0,sequence_19503,60.0,1.0,0-0-0-0-30-29
494,sequence_19402,43.0,sequence_19503,60.0,1.0,0-0-0-0-30-29
754,sequence_20054,49.0,sequence_19503,60.0,1.0,0-0-0-0-30-29
77,sequence_53082,55.0,sequence_20035,52.5,1.0,0-0-0-0-52-8
337,sequence_19402,43.0,sequence_20035,52.5,1.0,0-0-0-0-52-8
597,sequence_20054,49.0,sequence_20035,52.5,1.0,0-0-0-0-52-8
216,sequence_53082,55.0,sequence_19350,60.1,1.0,0-1-1-1-118-28
476,sequence_19402,43.0,sequence_19350,60.1,1.0,0-1-1-1-118-28
736,sequence_20054,49.0,sequence_19350,60.1,1.0,0-1-1-1-118-28
222,sequence_53082,55.0,sequence_19483,60.6,1.0,0-0-0-0-86-29
482,sequence_19402,43.0,sequence_19483,60.6,1.0,0-0-0-0-86-29
742,sequence_20054,49.0,sequence_19483,60.6,1.0,0-0-0-0-86-29
20,sequence_53082,55.0,sequence_19391,46.8,1.0,0-0-0-0-172-11
280,sequence_19402,43.0,sequence_19391,46.8,1.0,0-0-0-0-172-11
540,sequence_20054,49.0,sequence_19391,46.8,1.0,0-0-0-0-172-11
17,sequence_53082,55.0,sequence_20060,52.6,1.0,0-0-0-0-6-33
277,sequence_19402,43.0,sequence_20060,52.6,1.0,0-0-0-0-6-33
537,sequence_20054,49.0,sequence_20060,52.6,1.0,0-0-0-0-6-33
88,sequence_53082,55.0,sequence_19383,50.5,1.0,0-0-0-0-99-13
348,sequence_19402,43.0,sequence_19383,50.5,1.0,0-0-0-0-99-13
608,sequence_20054,49.0,sequence_19383,50.5,1.0,0-0-0-0-99-13
69,sequence_53082,55.0,sequence_19443,48.0,1.0,0-0-0-0-166-13
329,sequence_19402,43.0,sequence_19443,48.0,1.0,0-0-0-0-166-13
589,sequence_20054,49.0,sequence_19443,48.0,1.0,0-0-0-0-166-13
18,sequence_53082,55.0,sequence_53066,39.2,1.0,0-0-0-0-189-4
278,sequence_19402,43.0,sequence_53066,39.2,1.0,0-0-0-0-189-4
538,sequence_20054,49.0,sequence_53066,39.2,1.0,0-0-0-0-189-4
239,sequence_53082,55.0,sequence_19513,61.0,1.0,0-0-0-0-70-32
499,sequence_19402,43.0,sequence_19513,61.0,1.0,0-0-0-0-70-32
759,sequence_20054,49.0,sequence_19513,61.0,1.0,0-0-0-0-70-32
41,sequence_53082,55.0,sequence_19504,50.6,1.0,0-1-1-1-199-17
301,sequence_19402,43.0,sequence_19504,50.6,1.0,0-1-1-1-199-17
561,sequence_20054,49.0,sequence_19504,50.6,1.0,0-1-1-1-199-17
260,sequence_19402,43.0,sequence_53082,55.0,1.0,0-1-1-1-34-0
520,sequence_20054,49.0,sequence_53082,55.0,1.0,0-1-1-1-34-0
44,sequence_53082,55.0,sequence_19404,51.3,1.0,0-1-1-1-57-24
304,sequence_19402,43.0,sequence_19404,51.3,1.0,0-1-1-1-57-24
564,sequence_20054,49.0,sequence_19404,51.3,1.0,0-1-1-1-57-24
156,sequence_53082,55.0,sequence_19514,53.0,1.0,0-0-0-0-184-15
416,sequence_19402,43.0,sequence_19514,53.0,1.0,0-0-0-0-184-15
676,sequence_20054,49.0,sequence_19514,53.0,1.0,0-0-0-0-184-15
172,sequence_53082,55.0,sequence_19414,54.7,1.0,0-0-0-0-71-25
432,sequence_19402,43.0,sequence_19414,54.7,1.0,0-0-0-0-71-25
692,sequence_20054,49.0,sequence_19414,54.7,1.0,0-0-0-0-71-25
138,sequence_53082,55.0,sequence_20075,54.9,1.0,0-0-0-0-14-8
398,sequence_19402,43.0,sequence_20075,54.9,1.0,0-0-0-0-14-8
658,sequence_20054,49.0,sequence_20075,54.9,1.0,0-0-0-0-14-8
207,sequence_53082,55.0,sequence_19473,60.6,1.0,0-0-0-0-151-30
467,sequence_19402,43.0,sequence_19473,60.6,1.0,0-0-0-0-151-30
727,sequence_20054,49.0,sequence_19473,60.6,1.0,0-0-0-0-151-30
60,sequence_53082,55.0,sequence_19371,49.0,1.0,0-0-0-0-248-5
320,sequence_19402,43.0,sequence_19371,49.0,1.0,0-0-0-0-248-5
580,sequence_20054,49.0,sequence_19371,49.0,1.0,0-0-0-0-248-5
245,sequence_53082,55.0,sequence_53086,40.0,1.0,0-0-0-0-136-35
505,sequence_19402,43.0,sequence_53086,40.0,1.0,0-0-0-0-136-35
765,sequence_20054,49.0,sequence_53086,40.0,1.0,0-0-0-0-136-35
247,sequence_53082,55.0,sequence_19400,43.0,1.0,0-0-0-0-140-16
507,sequence_19402,43.0,sequence_19400,43.0,1.0,0-0-0-0-140-16
767,sequence_20054,49.0,sequence_19400,43.0,1.0,0-0-0-0-140-16
159,sequence_53082,55.0,sequence_20044,48.4,1.0,0-0-0-0-26-7
419,sequence_19402,43.0,sequence_20044,48.4,1.0,0-0-0-0-26-7
679,sequence_20054,49.0,sequence_20044,48.4,1.0,0-0-0-0-26-7
53,sequence_53082,55.0,sequence_19382,52.0,1.0,0-0-0-0-23-22
313,sequence_19402,43.0,sequence_19382,52.0,1.0,0-0-0-0-23-22
573,sequence_20054,49.0,sequence_19382,52.0,1.0,0-0-0-0-23-22
43,sequence_53082,55.0,sequence_19519,50.3,1.0,0-0-0-0-83-15
303,sequence_19402,43.0,sequence_19519,50.3,1.0,0-0-0-0-83-15
563,sequence_20054,49.0,sequence_19519,50.3,1.0,0-0-0-0-83-15
35,sequence_53082,55.0,sequence_20038,49.1,1.0,0-0-0-0-161-2
295,sequence_19402,43.0,sequence_20038,49.1,1.0,0-0-0-0-161-2
555,sequence_20054,49.0,sequence_20038,49.1,1.0,0-0-0-0-161-2
141,sequence_53082,55.0,sequence_19512,54.4,1.0,0-1-1-1-137-28
401,sequence_19402,43.0,sequence_19512,54.4,1.0,0-1-1-1-137-28
661,sequence_20054,49.0,sequence_19512,54.4,1.0,0-1-1-1-137-28
116,sequence_53082,55.0,sequence_19427,53.8,1.0,0-0-0-0-142-18
376,sequence_19402,43.0,sequence_19427,53.8,1.0,0-0-0-0-142-18
636,sequence_20054,49.0,sequence_19427,53.8,1.0,0-0-0-0-142-18
61,sequence_53082,55.0,sequence_19434,48.0,1.0,0-0-0-0-253-20
321,sequence_19402,43.0,sequence_19434,48.0,1.0,0-0-0-0-253-20
581,sequence_20054,49.0,sequence_19434,48.0,1.0,0-0-0-0-253-20
120,sequence_53082,55.0,sequence_19508,49.5,1.0,0-0-0-0-233-21
380,sequence_19402,43.0,sequence_19508,49.5,1.0,0-0-0-0-233-21
640,sequence_20054,49.0,sequence_19508,49.5,1.0,0-0-0-0-233-21
192,sequence_53082,55.0,sequence_19499,53.3,1.0,0-0-0-0-113-23
452,sequence_19402,43.0,sequence_19499,53.3,1.0,0-0-0-0-113-23
712,sequence_20054,49.0,sequence_19499,53.3,1.0,0-0-0-0-113-23
151,sequence_53082,55.0,sequence_19454,43.1,1.0,0-0-0-0-193-1
411,sequence_19402,43.0,sequence_19454,43.1,1.0,0-0-0-0-193-1
671,sequence_20054,49.0,sequence_19454,43.1,1.0,0-0-0-0-193-1
65,sequence_53082,55.0,sequence_19357,58.5,1.0,0-0-0-0-33-32
325,sequence_19402,43.0,sequence_19357,58.5,1.0,0-0-0-0-33-32
585,sequence_20054,49.0,sequence_19357,58.5,1.0,0-0-0-0-33-32
63,sequence_53082,55.0,sequence_53070,45.7,1.0,0-0-0-0-217-11
323,sequence_19402,43.0,sequence_53070,45.7,1.0,0-0-0-0-217-11
583,sequence_20054,49.0,sequence_53070,45.7,1.0,0-0-0-0-217-11
191,sequence_53082,55.0,sequence_19444,50.7,1.0,0-0-0-0-117-25
451,sequence_19402,43.0,sequence_19444,50.7,1.0,0-0-0-0-117-25
711,sequence_20054,49.0,sequence_19444,50.7,1.0,0-0-0-0-117-25
224,sequence_53082,55.0,sequence_19462,63.2,1.0,0-1-1-1-158-27
484,sequence_19402,43.0,sequence_19462,63.2,1.0,0-1-1-1-158-27
744,sequence_20054,49.0,sequence_19462,63.2,1.0,0-1-1-1-158-27
50,sequence_53082,55.0,sequence_19376,53.0,1.0,0-0-0-0-220-11
310,sequence_19402,43.0,sequence_19376,53.0,1.0,0-0-0-0-220-11
570,sequence_20054,49.0,sequence_19376,53.0,1.0,0-0-0-0-220-11
36,sequence_53082,55.0,sequence_20039,52.6,1.0,0-0-0-0-61-8
296,sequence_19402,43.0,sequence_20039,52.6,1.0,0-0-0-0-61-8
556,sequence_20054,49.0,sequence_20039,52.6,1.0,0-0-0-0-61-8
80,sequence_53082,55.0,sequence_19394,45.4,1.0,0-0-0-0-238-16
340,sequence_19402,43.0,sequence_19394,45.4,1.0,0-0-0-0-238-16
600,sequence_20054,49.0,sequence_19394,45.4,1.0,0-0-0-0-238-16
81,sequence_53082,55.0,sequence_19374,50.7,1.0,0-0-0-0-213-11
341,sequence_19402,43.0,sequence_19374,50.7,1.0,0-0-0-0-213-11
601,sequence_20054,49.0,sequence_19374,50.7,1.0,0-0-0-0-213-11
118,sequence_53082,55.0,sequence_20045,48.8,1.0,0-0-0-0-72-19
378,sequence_19402,43.0,sequence_20045,48.8,1.0,0-0-0-0-72-19
638,sequence_20054,49.0,sequence_20045,48.8,1.0,0-0-0-0-72-19
251,sequence_53082,55.0,sequence_53052,55.0,1.0,0-1-1-1-11-0
511,sequence_19402,43.0,sequence_53052,55.0,1.0,0-1-1-1-11-0
771,sequence_20054,49.0,sequence_53052,55.0,1.0,0-1-1-1-11-0
129,sequence_53082,55.0,sequence_20049,43.9,1.0,0-0-0-0-92-8
389,sequence_19402,43.0,sequence_20049,43.9,1.0,0-0-0-0-92-8
649,sequence_20054,49.0,sequence_20049,43.9,1.0,0-0-0-0-92-8
79,sequence_53082,55.0,sequence_19397,49.6,1.0,0-0-0-0-131-12
339,sequence_19402,43.0,sequence_19397,49.6,1.0,0-0-0-0-131-12
599,sequence_20054,49.0,sequence_19397,49.6,1.0,0-0-0-0-131-12
174,sequence_53082,55.0,sequence_19384,50.8,1.0,0-0-0-0-7-9
434,sequence_19402,43.0,sequence_19384,50.8,1.0,0-0-0-0-7-9
694,sequence_20054,49.0,sequence_19384,50.8,1.0,0-0-0-0-7-9
124,sequence_53082,55.0,sequence_53077,43.5,1.0,0-1-1-1-257-0
384,sequence_19402,43.0,sequence_53077,43.5,1.0,0-1-1-1-257-0
644,sequence_20054,49.0,sequence_53077,43.5,1.0,0-1-1-1-257-0
68,sequence_53082,55.0,sequence_20046,47.4,1.0,0-0-0-0-27-8
328,sequence_19402,43.0,sequence_20046,47.4,1.0,0-0-0-0-27-8
588,sequence_20054,49.0,sequence_20046,47.4,1.0,0-0-0-0-27-8
237,sequence_53082,55.0,sequence_19385,58.2,1.0,0-0-0-0-28-34
497,sequence_19402,43.0,sequence_19385,58.2,1.0,0-0-0-0-28-34
757,sequence_20054,49.0,sequence_19385,58.2,1.0,0-0-0-0-28-34
246,sequence_53082,55.0,sequence_53087,52.0,1.0,0-1-1-1-91-0
506,sequence_19402,43.0,sequence_53087,52.0,1.0,0-1-1-1-91-0
766,sequence_20054,49.0,sequence_53087,52.0,1.0,0-1-1-1-91-0
76,sequence_53082,55.0,sequence_19415,52.8,1.0,0-0-0-0-25-18
336,sequence_19402,43.0,sequence_19415,52.8,1.0,0-0-0-0-25-18
596,sequence_20054,49.0,sequence_19415,52.8,1.0,0-0-0-0-25-18
128,sequence_53082,55.0,sequence_19388,48.4,1.0,0-0-0-0-163-9
388,sequence_19402,43.0,sequence_19388,48.4,1.0,0-0-0-0-163-9
648,sequence_20054,49.0,sequence_19388,48.4,1.0,0-0-0-0-163-9
188,sequence_53082,55.0,sequence_19479,60.8,1.0,0-0-0-0-20-33
448,sequence_19402,43.0,sequence_19479,60.8,1.0,0-0-0-0-20-33
708,sequence_20054,49.0,sequence_19479,60.8,1.0,0-0-0-0-20-33
203,sequence_53082,55.0,sequence_19358,59.1,1.0,0-0-0-0-165-2
463,sequence_19402,43.0,sequence_19358,59.1,1.0,0-0-0-0-165-2
723,sequence_20054,49.0,sequence_19358,59.1,1.0,0-0-0-0-165-2
6,sequence_53082,55.0,sequence_19496,48.3,1.0,0-0-0-0-205-12
266,sequence_19402,43.0,sequence_19496,48.3,1.0,0-0-0-0-205-12
526,sequence_20054,49.0,sequence_19496,48.3,1.0,0-0-0-0-205-12
104,sequence_53082,55.0,sequence_19468,54.8,1.0,0-0-0-0-123-15
364,sequence_19402,43.0,sequence_19468,54.8,1.0,0-0-0-0-123-15
624,sequence_20054,49.0,sequence_19468,54.8,1.0,0-0-0-0-123-15
243,sequence_53082,55.0,sequence_19381,50.0,1.0,0-1-1-1-144-37
503,sequence_19402,43.0,sequence_19381,50.0,1.0,0-1-1-1-144-37
763,sequence_20054,49.0,sequence_19381,50.0,1.0,0-1-1-1-144-37
132,sequence_53082,55.0,sequence_19373,53.1,1.0,0-0-0-0-202-11
392,sequence_19402,43.0,sequence_19373,53.1,1.0,0-0-0-0-202-11
652,sequence_20054,49.0,sequence_19373,53.1,1.0,0-0-0-0-202-11
230,sequence_53082,55.0,sequence_19352,58.5,1.0,0-0-0-0-107-32
490,sequence_19402,43.0,sequence_19352,58.5,1.0,0-0-0-0-107-32
750,sequence_20054,49.0,sequence_19352,58.5,1.0,0-0-0-0-107-32
110,sequence_53082,55.0,sequence_19436,46.4,1.0,0-0-0-0-245-20
370,sequence_19402,43.0,sequence_19436,46.4,1.0,0-0-0-0-245-20
630,sequence_20054,49.0,sequence_19436,46.4,1.0,0-0-0-0-245-20
147,sequence_53082,55.0,sequence_53063,44.0,1.0,0-0-0-0-40-14
407,sequence_19402,43.0,sequence_53063,44.0,1.0,0-0-0-0-40-14
667,sequence_20054,49.0,sequence_53063,44.0,1.0,0-0-0-0-40-14
175,sequence_53082,55.0,sequence_19493,50.4,1.0,0-0-0-0-232-21
435,sequence_19402,43.0,sequence_19493,50.4,1.0,0-0-0-0-232-21
695,sequence_20054,49.0,sequence_19493,50.4,1.0,0-0-0-0-232-21
240,sequence_53082,55.0,sequence_19413,58.7,1.0,0-0-0-0-16-34
500,sequence_19402,43.0,sequence_19413,58.7,1.0,0-0-0-0-16-34
760,sequence_20054,49.0,sequence_19413,58.7,1.0,0-0-0-0-16-34
139,sequence_53082,55.0,sequence_19423,61.2,1.0,0-0-0-0-128-32
399,sequence_19402,43.0,sequence_19423,61.2,1.0,0-0-0-0-128-32
659,sequence_20054,49.0,sequence_19423,61.2,1.0,0-0-0-0-128-32
206,sequence_53082,55.0,sequence_53060,47.9,1.0,0-0-0-0-106-3
466,sequence_19402,43.0,sequence_53060,47.9,1.0,0-0-0-0-106-3
726,sequence_20054,49.0,sequence_53060,47.9,1.0,0-0-0-0-106-3
217,sequence_53082,55.0,sequence_19367,61.0,1.0,0-0-0-0-36-29
477,sequence_19402,43.0,sequence_19367,61.0,1.0,0-0-0-0-36-29
737,sequence_20054,49.0,sequence_19367,61.0,1.0,0-0-0-0-36-29
26,sequence_53082,55.0,sequence_19450,46.0,1.0,0-0-0-0-114-18
286,sequence_19402,43.0,sequence_19450,46.0,1.0,0-0-0-0-114-18
546,sequence_20054,49.0,sequence_19450,46.0,1.0,0-0-0-0-114-18
83,sequence_53082,55.0,sequence_19441,49.0,1.0,0-0-0-0-160-13
343,sequence_19402,43.0,sequence_19441,49.0,1.0,0-0-0-0-160-13
603,sequence_20054,49.0,sequence_19441,49.0,1.0,0-0-0-0-160-13
150,sequence_53082,55.0,sequence_19494,60.0,1.0,0-0-0-0-228-30
410,sequence_19402,43.0,sequence_19494,60.0,1.0,0-0-0-0-228-30
670,sequence_20054,49.0,sequence_19494,60.0,1.0,0-0-0-0-228-30
244,sequence_53082,55.0,sequence_53081,53.0,1.0,0-1-1-1-69-0
504,sequence_19402,43.0,sequence_53081,53.0,1.0,0-1-1-1-69-0
764,sequence_20054,49.0,sequence_53081,53.0,1.0,0-1-1-1-69-0
205,sequence_53082,55.0,sequence_19474,64.4,1.0,0-0-0-0-101-29
465,sequence_19402,43.0,sequence_19474,64.4,1.0,0-0-0-0-101-29
725,sequence_20054,49.0,sequence_19474,64.4,1.0,0-0-0-0-101-29
254,sequence_53082,55.0,sequence_53056,52.0,1.0,0-1-1-1-1-0
514,sequence_19402,43.0,sequence_53056,52.0,1.0,0-1-1-1-1-0
774,sequence_20054,49.0,sequence_53056,52.0,1.0,0-1-1-1-1-0
54,sequence_53082,55.0,sequence_20067,50.8,1.0,0-0-0-0-145-19
314,sequence_19402,43.0,sequence_20067,50.8,1.0,0-0-0-0-145-19
574,sequence_20054,49.0,sequence_20067,50.8,1.0,0-0-0-0-145-19
94,sequence_53082,55.0,sequence_19375,49.9,1.0,0-0-0-0-171-12
354,sequence_19402,43.0,sequence_19375,49.9,1.0,0-0-0-0-171-12
614,sequence_20054,49.0,sequence_19375,49.9,1.0,0-0-0-0-171-12
