id,target,p_0,p_1,p_2,p_3,p_4,p_5,p_6,p_7,p_8,p_9,p_10,p_11,p_12,p_13,p_14,p_15,p_16,p_17,p_18,p_19,p_20,p_21,p_22,p_23,p_24,p_25,p_26,p_27,p_28,p_29,p_30,p_31,p_32,p_33,p_34,p_35,p_36,p_37,p_38,p_39,p_40,p_41,p_42,p_43,p_44,p_45,p_46,p_47,p_48,p_49,p_50,p_51,p_52,p_53,p_54,p_55,p_56,p_57,p_58,p_59,p_60,p_61,p_62,p_63,p_64,p_65,p_66,p_67,p_68,p_69,p_70,p_71,p_72,p_73,p_74,p_75,p_76,p_77,p_78,p_79,p_80,p_81,p_82,p_83,p_84,p_85,p_86,p_87,p_88,p_89,p_90,p_91,p_92,p_93,p_94,p_95,p_96,p_97,p_98,p_99,p_100,p_101,p_102,p_103,p_104,p_105,p_106,p_107,p_108,p_109,p_110,p_111,p_112,p_113,p_114,p_115,p_116,p_117,p_118,p_119,p_120
sequence_40826,539,0.1275,0.0336,0.0268,0.0302,0.0,0.0268,0.0302,0.057,0.0067,0.057,0.1409,0.0235,0.0201,0.0503,0.0403,0.094,0.057,0.0201,0.0503,0.1074,0.0,0.2967,2.6033,-2.4933,0.5067,-0.4838,0.3473,-1.2989,2.1956,-1.6585,0.0946,-1.3535,-1.6249,1.9369,-1.8327,0.3283,-0.1807,1.8113,-0.3046,0.7974,-0.4516,4.7261,0.6493,-0.9686,-2.6549,-0.3979,0.4921,-0.0516,0.1478,-0.9482,0.462,-2.6698,0.3659,-1.826,-1.4269,-1.4021,2.4574,-0.5678,2.3352,-2.018,-2.8671,-1.7081,-2.1747,0.6202,-0.0961,-1.0205,-1.5385,3.5702,-1.2677,-1.7436,2.0614,-2.0442,-0.5314,-1.8126,-0.1193,-0.1436,2.3157,0.1467,-0.7628,-2.6681,-0.3102,-0.1779,-0.3149,2.1555,-0.165,-0.0094,3.0819,-1.3134,0.5083,-0.1321,-0.9657,2.0747,-1.5398,0.3106,-2.9809,-0.2393,-0.7075,2.6322,1.6627,-0.9916,1.5246,1.3867,0.2519,-0.0944,-0.3999,-0.9761,0.8272,4.8185,-2.0698,3.0669,1.0504,-2.8427,-1.2708,-0.3906,-0.0434,-1.7144,-0.1575,-0.0376,-0.3315,-0.2037,2.8835
sequence_40787,510,0.1309,0.0336,0.0268,0.0302,0.0,0.0268,0.0302,0.057,0.0067,0.057,0.1409,0.0235,0.0201,0.0503,0.0403,0.094,0.057,0.0168,0.0503,0.1074,0.0,0.2845,2.5778,-2.4706,0.488,-0.4744,0.3569,-1.2763,2.2178,-1.6778,0.0665,-1.3644,-1.6314,1.9335,-1.8034,0.3478,-0.1732,1.8107,-0.3136,0.8059,-0.4512,4.6995,0.6448,-0.9701,-2.6805,-0.4017,0.4808,-0.0744,0.1293,-0.9331,0.4523,-2.6881,0.3534,-1.8196,-1.4435,-1.4008,2.4687,-0.5492,2.3256,-2.0194,-2.8698,-1.6797,-2.1599,0.6067,-0.093,-1.0449,-1.5106,3.5571,-1.2873,-1.7535,2.06,-2.0512,-0.5294,-1.8164,-0.1305,-0.1417,2.2948,0.1419,-0.7541,-2.6627,-0.2925,-0.1508,-0.348,2.1541,-0.1705,-0.0169,3.0651,-1.329,0.5103,-0.1405,-0.96,2.0685,-1.5479,0.3114,-2.9578,-0.2588,-0.7054,2.6461,1.6467,-1.0404,1.5187,1.4126,0.2473,-0.0994,-0.4037,-0.9958,0.8297,4.8008,-2.0938,3.0133,1.0404,-2.8364,-1.2318,-0.3848,-0.0487,-1.7134,-0.1354,-0.0321,-0.3253,-0.2264,2.8325
sequence_40789,510,0.1275,0.0336,0.0268,0.0302,0.0,0.0268,0.0302,0.0604,0.0067,0.057,0.1409,0.0235,0.0201,0.0503,0.0403,0.094,0.057,0.0168,0.0503,0.1074,0.0,0.2851,2.5764,-2.4743,0.4914,-0.4634,0.3768,-1.2966,2.2501,-1.7185,0.0781,-1.3537,-1.6372,1.9347,-1.8557,0.3004,-0.1534,1.8595,-0.3184,0.834,-0.4227,4.6782,0.6345,-1.0002,-2.7301,-0.3886,0.4661,-0.068,0.1204,-0.9376,0.4548,-2.7105,0.3644,-1.85,-1.4248,-1.4364,2.4651,-0.551,2.3305,-2.0212,-2.8937,-1.6942,-2.1689,0.6087,-0.0825,-1.0247,-1.5315,3.5508,-1.2862,-1.7744,2.0583,-2.0515,-0.5393,-1.8117,-0.1476,-0.1458,2.3152,0.1498,-0.75,-2.6758,-0.268,-0.1228,-0.3695,2.1642,-0.1786,-0.0446,3.0678,-1.3683,0.5125,-0.1025,-0.9509,2.0598,-1.5706,0.3011,-2.9787,-0.2628,-0.6993,2.6569,1.6317,-1.0441,1.526,1.4095,0.2879,-0.1031,-0.3982,-1.017,0.8664,4.7911,-2.1048,3.005,1.0241,-2.8511,-1.212,-0.4116,-0.0691,-1.7377,-0.095,-0.0326,-0.3248,-0.2055,2.8375
sequence_40794,519,0.1275,0.0369,0.0268,0.0302,0.0,0.0268,0.0302,0.057,0.0067,0.057,0.1409,0.0235,0.0201,0.0503,0.0403,0.094,0.057,0.0168,0.0503,0.1074,0.0,0.3045,2.6108,-2.4875,0.4777,-0.4663,0.3812,-1.313,2.2597,-1.7788,0.0909,-1.3468,-1.6312,1.9536,-1.8785,0.2247,-0.1521,1.8551,-0.3018,0.8455,-0.3658,4.6973,0.6329,-1.0702,-2.7259,-0.3926,0.3684,-0.0718,0.128,-0.963,0.4557,-2.7041,0.3645,-1.8216,-1.4313,-1.4221,2.483,-0.5376,2.346,-2.0216,-2.9099,-1.6862,-2.1575,0.6431,-0.0943,-1.0146,-1.5266,3.5578,-1.2793,-1.7508,2.0323,-2.0678,-0.5338,-1.8123,-0.1622,-0.1402,2.3366,0.1525,-0.734,-2.6756,-0.2515,-0.1313,-0.3665,2.1552,-0.1922,-0.0301,3.076,-1.4003,0.5409,-0.1337,-0.9606,2.0606,-1.5533,0.3,-2.9829,-0.2812,-0.6839,2.6565,1.6504,-1.0641,1.5144,1.3986,0.3135,-0.1066,-0.3924,-1.0215,0.8796,4.8054,-2.1143,3.0299,1.0141,-2.8301,-1.2142,-0.4579,-0.0766,-1.7762,-0.0257,-0.0328,-0.3276,-0.2366,2.8518
sequence_40806,525,0.1309,0.0336,0.0268,0.0302,0.0,0.0268,0.0302,0.057,0.0067,0.057,0.1409,0.0235,0.0201,0.0503,0.0403,0.094,0.057,0.0201,0.0503,0.104,0.0,0.3023,2.6143,-2.4882,0.5049,-0.4813,0.3702,-1.3014,2.2203,-1.6964,0.102,-1.3466,-1.6111,1.9301,-1.858,0.2912,-0.1631,1.8291,-0.3008,0.8129,-0.4331,4.7151,0.6259,-1.0018,-2.6792,-0.3975,0.4496,-0.0602,0.1253,-0.9486,0.4616,-2.6703,0.3579,-1.8324,-1.4305,-1.4071,2.4732,-0.5669,2.3279,-2.0197,-2.8749,-1.7045,-2.1588,0.6273,-0.0968,-1.0042,-1.5203,3.5653,-1.2659,-1.7295,2.0386,-2.0547,-0.522,-1.8061,-0.122,-0.1424,2.3353,0.1507,-0.7468,-2.6638,-0.2886,-0.1653,-0.3272,2.1438,-0.1696,-0.0232,3.0759,-1.3424,0.5291,-0.1257,-0.9662,2.0713,-1.5444,0.3285,-2.9715,-0.247,-0.6946,2.6292,1.6629,-1.0263,1.525,1.3934,0.2608,-0.0875,-0.4059,-0.9889,0.8351,4.8046,-2.0829,3.0635,1.0301,-2.8361,-1.2607,-0.4201,-0.054,-1.7401,-0.1217,-0.0339,-0.3242,-0.2101,2.8449
sequence_40807,528,0.1275,0.0336,0.0268,0.0336,0.0,0.0268,0.0302,0.057,0.0067,0.057,0.1409,0.0235,0.0201,0.0503,0.0403,0.094,0.057,0.0201,0.0503,0.104,0.0,0.2497,2.5672,-2.4775,0.5113,-0.4906,0.3433,-1.3664,2.3004,-1.7785,0.0674,-1.3316,-1.6313,1.9392,-1.8792,0.1944,-0.132,1.8841,-0.284,0.8333,-0.3439,4.6827,0.6552,-1.0147,-2.7412,-0.3913,0.3953,-0.0817,0.1161,-0.9929,0.4623,-2.7372,0.3939,-1.8341,-1.4402,-1.4617,2.4611,-0.5424,2.3784,-2.0624,-2.9127,-1.6943,-2.1769,0.6583,-0.0932,-1.0317,-1.516,3.5248,-1.3076,-1.8158,2.0737,-2.0508,-0.584,-1.7749,-0.1478,-0.1685,2.3302,0.1379,-0.7203,-2.7026,-0.2431,-0.1178,-0.3521,2.1701,-0.1759,-0.0891,3.1082,-1.3988,0.527,-0.0993,-0.9496,2.1287,-1.5932,0.2987,-3.0027,-0.2474,-0.6797,2.6577,1.6539,-1.0119,1.5444,1.3797,0.3755,-0.1086,-0.4248,-1.0358,0.9703,4.8027,-2.143,2.9897,1.0118,-2.8742,-1.2515,-0.4088,-0.0714,-1.8062,-0.0801,-0.0449,-0.3331,-0.2148,2.8608
sequence_40809,528,0.1275,0.0336,0.0268,0.0302,0.0,0.0268,0.0302,0.057,0.0067,0.057,0.1409,0.0235,0.0201,0.0503,0.0403,0.094,0.0604,0.0201,0.0503,0.104,0.0,0.2901,2.5991,-2.4979,0.5141,-0.4765,0.3723,-1.29,2.2324,-1.7054,0.0964,-1.3437,-1.6195,1.9319,-1.8561,0.2887,-0.1584,1.8411,-0.298,0.8093,-0.4298,4.7169,0.6343,-1.0105,-2.6881,-0.399,0.4358,-0.0767,0.132,-0.9506,0.4508,-2.6913,0.3597,-1.8486,-1.4336,-1.4319,2.4581,-0.559,2.3323,-2.0158,-2.8838,-1.7077,-2.1793,0.6287,-0.1005,-1.0077,-1.5364,3.5662,-1.2715,-1.7479,2.0618,-2.0599,-0.5325,-1.8148,-0.1176,-0.1501,2.3301,0.144,-0.7464,-2.6684,-0.2781,-0.1684,-0.3369,2.1573,-0.1723,-0.0324,3.094,-1.3509,0.5291,-0.1187,-0.9609,2.0782,-1.5519,0.3276,-2.9745,-0.2445,-0.6985,2.6303,1.6706,-1.0236,1.5292,1.3836,0.274,-0.0871,-0.394,-0.9909,0.8466,4.7985,-2.0801,3.0598,1.0471,-2.8515,-1.2465,-0.4004,-0.0575,-1.7427,-0.1254,-0.0321,-0.3242,-0.2241,2.8554
sequence_40811,534,0.1309,0.0336,0.0268,0.0302,0.0,0.0268,0.0302,0.057,0.0067,0.057,0.1409,0.0235,0.0168,0.0503,0.0403,0.094,0.057,0.0201,0.0503,0.1074,0.0,0.275,2.5921,-2.4934,0.5017,-0.485,0.3616,-1.3132,2.2026,-1.6581,0.0614,-1.344,-1.6378,1.932,-1.8218,0.3073,-0.1667,1.7825,-0.2909,0.7764,-0.4304,4.7182,0.6573,-0.9545,-2.6391,-0.3949,0.4911,-0.0387,0.1459,-0.9385,0.4564,-2.6639,0.3908,-1.7891,-1.4425,-1.3905,2.4182,-0.5798,2.3547,-2.016,-2.8681,-1.7093,-2.1744,0.6005,-0.101,-1.0742,-1.5504,3.5514,-1.2797,-1.7532,2.0731,-2.0225,-0.5403,-1.7986,-0.1195,-0.1481,2.2603,0.1433,-0.7655,-2.6622,-0.3198,-0.1764,-0.3078,2.1646,-0.171,-0.0077,3.0817,-1.3114,0.5134,-0.1441,-0.9719,2.0828,-1.5311,0.266,-2.9729,-0.2598,-0.7103,2.6223,1.6715,-0.9781,1.5041,1.3399,0.2782,-0.0983,-0.3814,-0.9756,0.8385,4.8145,-2.0457,3.0801,1.0708,-2.8352,-1.2668,-0.3879,-0.0314,-1.7066,-0.1511,-0.0215,-0.3336,-0.1849,2.8816
sequence_40813,528,0.1275,0.0336,0.0268,0.0302,0.0,0.0268,0.0302,0.057,0.0067,0.057,0.1443,0.0235,0.0168,0.0503,0.0403,0.094,0.057,0.0201,0.0503,0.1074,0.0,0.2915,2.5943,-2.4801,0.5062,-0.4865,0.3361,-1.2907,2.1972,-1.6377,0.0747,-1.37,-1.6266,1.9399,-1.8087,0.3446,-0.1625,1.8102,-0.3014,0.8045,-0.472,4.7261,0.6469,-0.9524,-2.6619,-0.4104,0.4975,-0.0488,0.1543,-0.9469,0.4607,-2.6915,0.3592,-1.8238,-1.4128,-1.4066,2.4772,-0.5692,2.3238,-2.0311,-2.8581,-1.7207,-2.1794,0.6206,-0.0976,-1.0163,-1.5332,3.5703,-1.2672,-1.7652,2.0756,-2.0389,-0.5221,-1.8202,-0.1186,-0.1334,2.3329,0.1539,-0.7659,-2.6777,-0.3001,-0.1636,-0.3418,2.1652,-0.1728,-0.0165,3.1043,-1.3013,0.5042,-0.1233,-0.9645,2.0738,-1.5552,0.3055,-3.0011,-0.2323,-0.7026,2.6486,1.6615,-0.9753,1.5572,1.4047,0.2566,-0.1068,-0.4005,-0.9872,0.8336,4.8192,-2.0836,3.0567,1.0442,-2.873,-1.2586,-0.3847,-0.042,-1.6969,-0.1475,-0.0428,-0.3249,-0.1975,2.8988
sequence_40814,510,0.1275,0.0336,0.0268,0.0302,0.0034,0.0268,0.0302,0.0537,0.0067,0.057,0.1409,0.0235,0.0201,0.0503,0.0403,0.094,0.057,0.0201,0.0503,0.1074,0.0,0.3147,2.6468,-2.4854,0.5167,-0.5176,0.3263,-1.3446,2.2005,-1.6289,0.1167,-1.3682,-1.6171,1.9928,-1.8631,0.3381,-0.1404,1.8333,-0.3216,0.814,-0.4727,4.7337,0.613,-0.9394,-2.6525,-0.4081,0.5297,-0.0734,0.1551,-0.9847,0.4888,-2.6404,0.3482,-1.8381,-1.3835,-1.386,2.5463,-0.583,2.3036,-2.0631,-2.8506,-1.7157,-2.1705,0.6209,-0.1352,-0.9068,-1.5142,3.5797,-1.2669,-1.7522,2.04,-2.051,-0.5241,-1.8432,-0.1301,-0.1286,2.4578,0.1687,-0.7613,-2.6685,-0.2738,-0.174,-0.3447,2.1492,-0.1614,-0.0093,3.0617,-1.285,0.4586,-0.093,-0.9472,2.0966,-1.5646,0.3106,-3.0296,-0.2167,-0.6962,2.7069,1.6586,-0.9949,1.5776,1.4773,0.2508,-0.1078,-0.4181,-1.0376,0.8281,4.8211,-2.1192,3.0355,0.9968,-2.8846,-1.3037,-0.4007,-0.0682,-1.7132,-0.1654,-0.0621,-0.3395,-0.2118,2.9377
sequence_40845,495,0.1275,0.0336,0.0268,0.0302,0.0,0.0268,0.0302,0.0537,0.0067,0.057,0.1443,0.0235,0.0201,0.0503,0.0403,0.094,0.057,0.0201,0.0503,0.1074,0.0,0.3002,2.6141,-2.4885,0.5272,-0.5212,0.294,-1.3277,2.1578,-1.5986,0.0928,-1.379,-1.6283,1.9725,-1.7955,0.3649,-0.1413,1.8025,-0.3092,0.8097,-0.4882,4.7392,0.635,-0.9077,-2.6185,-0.413,0.5393,-0.0671,0.1509,-0.9742,0.4826,-2.6309,0.3538,-1.8116,-1.3753,-1.3902,2.5199,-0.5951,2.3012,-2.0568,-2.8335,-1.7294,-2.1767,0.6066,-0.131,-0.9282,-1.5273,3.5775,-1.2651,-1.7605,2.0504,-2.0376,-0.5077,-1.8504,-0.118,-0.1308,2.4145,0.1677,-0.763,-2.6635,-0.3011,-0.1799,-0.3227,2.1399,-0.1566,-0.0106,3.0661,-1.2684,0.4821,-0.1079,-0.9596,2.0884,-1.5611,0.2914,-3.0084,-0.2222,-0.6901,2.6877,1.6559,-0.9687,1.5762,1.4611,0.2341,-0.1079,-0.4044,-1.0115,0.8066,4.817,-2.0856,3.0656,1.0185,-2.8687,-1.2996,-0.3774,-0.0611,-1.6823,-0.1888,-0.0728,-0.3307,-0.196,2.9422
sequence_40855,522,0.1275,0.0336,0.0268,0.0302,0.0,0.0268,0.0302,0.0537,0.0067,0.057,0.1409,0.0235,0.0201,0.0503,0.0403,0.0973,0.057,0.0201,0.0503,0.1074,0.0,0.3154,2.6358,-2.4777,0.5154,-0.5117,0.3377,-1.3486,2.2021,-1.6363,0.1048,-1.3644,-1.6164,1.9707,-1.8546,0.3177,-0.1352,1.8305,-0.3185,0.8181,-0.468,4.7157,0.6147,-0.9454,-2.6647,-0.4025,0.5027,-0.0708,0.1495,-0.9763,0.4853,-2.6625,0.3368,-1.847,-1.3796,-1.3907,2.5347,-0.5858,2.2965,-2.0541,-2.8541,-1.7283,-2.1793,0.6197,-0.1282,-0.9319,-1.5285,3.5632,-1.2619,-1.7498,2.0456,-2.0495,-0.5182,-1.8349,-0.1219,-0.1252,2.4418,0.1638,-0.7607,-2.6714,-0.2739,-0.1575,-0.3427,2.1525,-0.1585,-0.0052,3.0662,-1.2887,0.4621,-0.0909,-0.9498,2.0921,-1.5728,0.3126,-3.0186,-0.2246,-0.683,2.695,1.6658,-0.9953,1.5836,1.467,0.2572,-0.1148,-0.4133,-1.0197,0.8333,4.8053,-2.1223,3.0486,1.0009,-2.8829,-1.2925,-0.4082,-0.0591,-1.7176,-0.1465,-0.0677,-0.3387,-0.2039,2.9132
sequence_40857,522,0.1275,0.0336,0.0268,0.0302,0.0,0.0268,0.0302,0.0537,0.0067,0.057,0.1409,0.0235,0.0201,0.0503,0.0403,0.094,0.057,0.0201,0.0503,0.1107,0.0,0.3122,2.6389,-2.493,0.5259,-0.5251,0.3052,-1.3558,2.1658,-1.6197,0.1109,-1.3736,-1.6193,1.9835,-1.8199,0.355,-0.137,1.8225,-0.3161,0.8098,-0.4824,4.7388,0.6307,-0.9233,-2.6243,-0.4187,0.5252,-0.0731,0.1519,-0.9871,0.4846,-2.6179,0.3445,-1.8241,-1.3765,-1.3845,2.542,-0.5889,2.2953,-2.0601,-2.8393,-1.7146,-2.1642,0.615,-0.133,-0.8983,-1.5157,3.583,-1.2602,-1.7411,2.0317,-2.0458,-0.5081,-1.8547,-0.1334,-0.1309,2.4611,0.1716,-0.764,-2.6506,-0.2969,-0.181,-0.3222,2.1212,-0.15,-0.0184,3.0449,-1.2713,0.4758,-0.1006,-0.9501,2.0926,-1.5523,0.3115,-3.0198,-0.2232,-0.6902,2.6936,1.6555,-0.9958,1.5644,1.4801,0.2401,-0.1081,-0.4158,-1.0252,0.8156,4.8154,-2.0975,3.0561,1.0016,-2.8617,-1.3073,-0.4067,-0.07,-1.7012,-0.1765,-0.0745,-0.3375,-0.2121,2.9429
sequence_40840,528,0.1275,0.0336,0.0268,0.0302,0.0,0.0268,0.0268,0.057,0.0067,0.057,0.1443,0.0235,0.0201,0.0503,0.0403,0.094,0.057,0.0201,0.0503,0.1074,0.0,0.2822,2.5959,-2.484,0.5176,-0.4814,0.3183,-1.3082,2.1713,-1.6004,0.0882,-1.3575,-1.6333,1.9271,-1.8126,0.3366,-0.1783,1.7846,-0.3034,0.7813,-0.4567,4.7322,0.6623,-0.9214,-2.6283,-0.4028,0.5672,-0.0469,0.1431,-0.9342,0.4647,-2.6655,0.3832,-1.8062,-1.4122,-1.3996,2.4475,-0.5828,2.327,-2.0276,-2.8447,-1.7192,-2.183,0.5999,-0.0947,-1.0251,-1.563,3.5702,-1.2538,-1.7277,2.0887,-2.0283,-0.5226,-1.8056,-0.1078,-0.1505,2.3051,0.1418,-0.7723,-2.6606,-0.3099,-0.182,-0.3154,2.1521,-0.1664,-0.0075,3.0937,-1.279,0.493,-0.1265,-0.9716,2.0791,-1.556,0.2745,-2.9725,-0.2155,-0.7136,2.6494,1.6577,-0.9521,1.5313,1.3684,0.2539,-0.1116,-0.3993,-0.9831,0.8183,4.8274,-2.0548,3.0856,1.047,-2.8514,-1.2825,-0.3522,-0.0379,-1.6874,-0.1857,-0.0516,-0.3409,-0.1541,2.8884
sequence_40841,528,0.1275,0.0336,0.0268,0.0302,0.0,0.0268,0.0268,0.057,0.0067,0.057,0.1409,0.0235,0.0235,0.0503,0.0403,0.094,0.057,0.0201,0.0503,0.1074,0.0,0.2998,2.6059,-2.4777,0.5139,-0.4888,0.3327,-1.3164,2.181,-1.6246,0.1032,-1.3529,-1.6236,1.9276,-1.841,0.3121,-0.1842,1.7987,-0.3031,0.7931,-0.4422,4.7314,0.658,-0.9512,-2.6383,-0.3994,0.535,-0.0527,0.1329,-0.9455,0.4747,-2.6568,0.3803,-1.8227,-1.399,-1.3909,2.4574,-0.5794,2.3332,-2.0322,-2.8497,-1.7117,-2.18,0.6148,-0.091,-1.0056,-1.5586,3.5706,-1.2455,-1.7091,2.0633,-2.0252,-0.5221,-1.7976,-0.1142,-0.145,2.3188,0.1463,-0.769,-2.66,-0.2938,-0.177,-0.3192,2.1455,-0.1787,-0.0064,3.0808,-1.2989,0.4951,-0.1234,-0.9691,2.0665,-1.5557,0.2866,-2.9786,-0.2211,-0.7076,2.6495,1.6647,-0.9589,1.5202,1.3733,0.2585,-0.1111,-0.3988,-0.9886,0.8185,4.827,-2.0625,3.0792,1.0356,-2.8411,-1.269,-0.3775,-0.0401,-1.704,-0.1578,-0.0547,-0.3315,-0.1713,2.8888
sequence_40842,522,0.1275,0.0336,0.0268,0.0302,0.0,0.0268,0.0268,0.057,0.0067,0.057,0.1409,0.0235,0.0201,0.0503,0.0436,0.094,0.057,0.0201,0.0503,0.1074,0.0,0.289,2.6076,-2.4932,0.513,-0.4965,0.3341,-1.3302,2.1801,-1.6132,0.0919,-1.3612,-1.6367,1.9486,-1.8268,0.3394,-0.1878,1.8013,-0.315,0.808,-0.4702,4.7218,0.6724,-0.9385,-2.6283,-0.4002,0.5397,-0.0566,0.14,-0.9417,0.4568,-2.6714,0.3608,-1.8288,-1.4122,-1.4117,2.4694,-0.5739,2.3349,-2.0384,-2.8498,-1.7125,-2.1932,0.6175,-0.1059,-1.0092,-1.5495,3.5591,-1.2622,-1.7366,2.0887,-2.0429,-0.5352,-1.813,-0.1132,-0.1489,2.3317,0.1421,-0.7748,-2.6662,-0.2863,-0.1687,-0.3192,2.1585,-0.1546,-0.0036,3.0929,-1.2743,0.4894,-0.1344,-0.9579,2.1108,-1.5482,0.2928,-2.9875,-0.2199,-0.7084,2.6553,1.6682,-0.9471,1.5633,1.3967,0.2373,-0.1114,-0.3941,-0.9948,0.8204,4.8216,-2.0877,3.0749,1.0657,-2.8588,-1.3142,-0.3698,-0.0368,-1.7211,-0.2178,-0.0557,-0.327,-0.176,2.8991
sequence_40844,519,0.1275,0.0336,0.0268,0.0302,0.0,0.0268,0.0268,0.057,0.0067,0.057,0.1409,0.0235,0.0201,0.0503,0.0403,0.094,0.057,0.0235,0.0503,0.1074,0.0,0.3123,2.6078,-2.4766,0.523,-0.4791,0.3537,-1.3004,2.1934,-1.643,0.1023,-1.3598,-1.6258,1.944,-1.8439,0.3355,-0.1827,1.8287,-0.3168,0.7992,-0.4467,4.746,0.6648,-0.971,-2.6438,-0.4167,0.5236,-0.0508,0.1405,-0.9416,0.4598,-2.6507,0.3672,-1.8383,-1.4161,-1.3966,2.4535,-0.559,2.3367,-2.0193,-2.8553,-1.6894,-2.176,0.6328,-0.1102,-0.9936,-1.5397,3.5866,-1.2482,-1.7082,2.052,-2.0356,-0.5316,-1.7999,-0.1188,-0.1392,2.3254,0.1467,-0.7709,-2.6707,-0.3029,-0.1678,-0.3342,2.1623,-0.1572,-0.0098,3.0679,-1.2952,0.4996,-0.1292,-0.9803,2.0603,-1.5417,0.3046,-2.9775,-0.2073,-0.71,2.6351,1.6825,-0.9796,1.5264,1.3847,0.2378,-0.1045,-0.3948,-0.9881,0.7895,4.8322,-2.0559,3.0566,1.0461,-2.8482,-1.2733,-0.3872,-0.0525,-1.7197,-0.1663,-0.057,-0.3316,-0.199,2.8754
sequence_40838,531,0.1275,0.0336,0.0268,0.0302,0.0,0.0302,0.0302,0.0537,0.0067,0.057,0.1409,0.0235,0.0201,0.0503,0.0403,0.094,0.057,0.0201,0.0503,0.1074,0.0,0.2864,2.622,-2.4694,0.5201,-0.4928,0.346,-1.2989,2.2121,-1.665,0.093,-1.3649,-1.6094,1.9438,-1.8585,0.2753,-0.169,1.8225,-0.3059,0.8094,-0.4362,4.7206,0.6166,-0.9809,-2.6756,-0.3794,0.4817,-0.0697,0.1525,-0.9541,0.4791,-2.669,0.362,-1.8315,-1.3964,-1.3835,2.4892,-0.5738,2.3098,-2.0353,-2.8685,-1.7205,-2.1538,0.6105,-0.0921,-0.9788,-1.5077,3.5636,-1.283,-1.7478,2.0591,-2.0123,-0.5174,-1.7916,-0.1134,-0.1433,2.3675,0.1513,-0.7472,-2.6587,-0.2791,-0.1578,-0.3576,2.165,-0.1846,-0.0149,3.0981,-1.3366,0.522,-0.1156,-0.9571,2.0933,-1.5462,0.3115,-2.9904,-0.2389,-0.6875,2.6697,1.6446,-0.9825,1.5501,1.4196,0.2723,-0.0961,-0.4042,-1.0199,0.8367,4.8091,-2.1313,3.0366,1.0202,-2.8692,-1.259,-0.3999,-0.0515,-1.7252,-0.131,-0.0541,-0.33,-0.1986,2.8965
sequence_40816,531,0.1309,0.0336,0.0268,0.0302,0.0,0.0268,0.0302,0.057,0.0067,0.057,0.1409,0.0235,0.0201,0.0503,0.0403,0.0906,0.057,0.0201,0.0503,0.1074,0.0,0.2787,2.6149,-2.4908,0.5016,-0.486,0.3226,-1.3539,2.1727,-1.6401,0.1216,-1.3354,-1.6311,1.9736,-1.8427,0.3363,-0.216,1.8029,-0.2851,0.7784,-0.4761,4.7329,0.6546,-0.9362,-2.6136,-0.3893,0.549,-0.0517,0.1601,-0.9599,0.4659,-2.6274,0.367,-1.8657,-1.4127,-1.4011,2.465,-0.5822,2.3141,-2.0033,-2.8508,-1.6786,-2.1512,0.5915,-0.088,-0.9839,-1.5256,3.5719,-1.2713,-1.7348,2.0715,-2.0546,-0.5295,-1.8411,-0.122,-0.173,2.3593,0.1458,-0.7672,-2.6039,-0.3013,-0.1971,-0.2856,2.1337,-0.1525,-0.0119,3.0307,-1.2825,0.4881,-0.1431,-0.9647,2.0951,-1.4948,0.2792,-2.9783,-0.2405,-0.7156,2.6485,1.6389,-0.9793,1.4911,1.4467,0.2339,-0.0925,-0.3922,-0.9949,0.833,4.8158,-2.0554,3.0655,1.0477,-2.8551,-1.3209,-0.3585,-0.0289,-1.6709,-0.2281,-0.0382,-0.3347,-0.1815,2.9353
sequence_40817,528,0.1275,0.0336,0.0268,0.0302,0.0,0.0268,0.0302,0.0604,0.0067,0.057,0.1409,0.0235,0.0201,0.0503,0.0403,0.0906,0.057,0.0201,0.0503,0.1074,0.0,0.2462,2.5812,-2.5048,0.5084,-0.4775,0.3339,-1.3158,2.1882,-1.6483,0.062,-1.349,-1.6495,1.948,-1.8304,0.2827,-0.1928,1.8061,-0.2907,0.8002,-0.4328,4.7159,0.6492,-0.9113,-2.6518,-0.3919,0.5763,-0.0574,0.1777,-0.9369,0.4431,-2.6815,0.3956,-1.8163,-1.4217,-1.4277,2.4391,-0.5977,2.3097,-2.0259,-2.8568,-1.7175,-2.1868,0.5756,-0.11,-1.0637,-1.5462,3.5598,-1.2791,-1.8016,2.1089,-2.023,-0.5561,-1.82,-0.1073,-0.1946,2.3048,0.1526,-0.7531,-2.6485,-0.316,-0.1606,-0.3461,2.1562,-0.1755,-0.0354,3.1043,-1.2862,0.4788,-0.1034,-0.949,2.088,-1.532,0.2337,-2.975,-0.2223,-0.7127,2.6631,1.6149,-0.9126,1.5609,1.3807,0.3151,-0.1111,-0.3883,-1.022,0.9178,4.8143,-2.0687,3.0477,1.0678,-2.8906,-1.3287,-0.3366,-0.0403,-1.6973,-0.2067,-0.0614,-0.3226,-0.1377,2.9124
sequence_40818,522,0.1275,0.0336,0.0268,0.0302,0.0,0.0268,0.0302,0.057,0.0067,0.057,0.1409,0.0235,0.0201,0.0503,0.0436,0.0906,0.057,0.0201,0.0503,0.1074,0.0,0.245,2.5996,-2.5097,0.5061,-0.4805,0.3576,-1.3158,2.2109,-1.6626,0.0784,-1.3567,-1.6702,1.9832,-1.8677,0.274,-0.1825,1.8309,-0.2946,0.8268,-0.3997,4.7084,0.6718,-0.9866,-2.6647,-0.4028,0.5413,-0.06,0.1549,-0.9649,0.4604,-2.7201,0.3611,-1.8351,-1.39,-1.4535,2.4612,-0.5845,2.3307,-2.0437,-2.8392,-1.731,-2.2037,0.6196,-0.1092,-1.0334,-1.5818,3.5597,-1.2555,-1.7326,2.0894,-2.0379,-0.5415,-1.8258,-0.1123,-0.1654,2.3439,0.1811,-0.7589,-2.6894,-0.2829,-0.1629,-0.3249,2.1808,-0.2078,-0.0413,3.1192,-1.3232,0.4865,-0.0595,-0.9389,2.0876,-1.5682,0.2546,-3.0171,-0.237,-0.6961,2.6925,1.6509,-0.9201,1.5447,1.3818,0.3404,-0.1247,-0.3839,-1.0488,0.895,4.8324,-2.0729,3.0899,1.0533,-2.9011,-1.2892,-0.3822,-0.0477,-1.712,-0.1707,-0.0792,-0.3123,-0.1843,2.9639
sequence_40827,525,0.1242,0.0336,0.0268,0.0302,0.0034,0.0268,0.0302,0.057,0.0067,0.057,0.1409,0.0235,0.0201,0.0503,0.0403,0.094,0.057,0.0201,0.0503,0.1074,0.0,0.3255,2.6114,-2.5155,0.4765,-0.4906,0.3401,-1.2908,2.2083,-1.6873,0.1181,-1.3436,-1.6304,1.9282,-1.8703,0.2877,-0.1985,1.8062,-0.2912,0.8118,-0.4461,4.7286,0.6369,-0.9599,-2.6742,-0.385,0.4736,-0.068,0.1518,-0.9418,0.4496,-2.6565,0.3559,-1.851,-1.4236,-1.419,2.4655,-0.5742,2.3345,-2.025,-2.8934,-1.71,-2.1753,0.6258,-0.0924,-1.0241,-1.5323,3.5708,-1.2755,-1.7686,2.0537,-2.0547,-0.5399,-1.8055,-0.1027,-0.1404,2.2808,0.1529,-0.7619,-2.7124,-0.2755,-0.1917,-0.3193,2.1755,-0.1526,-0.012,3.0791,-1.3274,0.4919,-0.126,-0.9676,2.0537,-1.5675,0.3071,-2.9439,-0.2487,-0.6919,2.6006,1.6637,-0.9833,1.5305,1.3513,0.2615,-0.0923,-0.4172,-0.9662,0.8324,4.8258,-2.0692,3.0471,1.0474,-2.8333,-1.2566,-0.3742,-0.0534,-1.759,-0.1467,-0.0343,-0.3164,-0.1902,2.8409
sequence_40828,519,0.1242,0.0336,0.0268,0.0336,0.0,0.0268,0.0302,0.057,0.0067,0.057,0.1409,0.0235,0.0201,0.0503,0.0403,0.094,0.057,0.0201,0.0503,0.1074,0.0,0.2897,2.5917,-2.5213,0.5464,-0.5161,0.3528,-1.3804,2.1977,-1.6358,0.086,-1.3669,-1.6621,1.9633,-1.8792,0.3397,-0.2226,1.8122,-0.3419,0.8078,-0.4219,4.6456,0.6621,-0.96,-2.6898,-0.3349,0.4645,-0.0994,0.1121,-0.9707,0.4557,-2.7472,0.3686,-1.8142,-1.3841,-1.451,2.4849,-0.5501,2.3332,-2.0055,-2.9288,-1.7727,-2.1815,0.5645,-0.1154,-1.0585,-1.577,3.5113,-1.274,-1.809,2.1079,-2.0591,-0.5627,-1.7895,-0.1143,-0.1375,2.3011,0.1014,-0.7664,-2.748,-0.2941,-0.1436,-0.3089,2.1603,-0.1658,-0.0321,3.0825,-1.3167,0.4901,-0.1117,-0.9255,2.1227,-1.6227,0.3284,-2.9835,-0.253,-0.6907,2.6368,1.6245,-1.0215,1.5437,1.3491,0.2896,-0.1012,-0.4377,-0.9667,0.8716,4.829,-2.0533,3.0344,1.0514,-2.8172,-1.2484,-0.3965,-0.0917,-1.7558,-0.0939,-0.0589,-0.3669,-0.2293,2.8692
sequence_40829,528,0.1242,0.0336,0.0268,0.0302,0.0,0.0268,0.0302,0.0604,0.0067,0.057,0.1409,0.0235,0.0201,0.0503,0.0403,0.094,0.057,0.0201,0.0503,0.1074,0.0,0.3306,2.6149,-2.555,0.4599,-0.4532,0.3434,-1.3213,2.1605,-1.6706,0.1321,-1.3538,-1.6398,1.9024,-1.84,0.3569,-0.2273,1.8142,-0.3498,0.8448,-0.5004,4.6588,0.6575,-0.9548,-2.6657,-0.359,0.4799,-0.0818,0.157,-0.9499,0.4174,-2.6808,0.3627,-1.8209,-1.4027,-1.4591,2.4858,-0.5728,2.3256,-2.0461,-2.9175,-1.7184,-2.1629,0.6059,-0.1022,-1.0355,-1.5272,3.5323,-1.2749,-1.7915,2.0866,-2.0627,-0.5453,-1.7754,-0.1156,-0.1478,2.2816,0.134,-0.7651,-2.7459,-0.3005,-0.148,-0.3081,2.1417,-0.1215,-0.0201,3.1068,-1.2876,0.4508,-0.1088,-0.9771,2.0758,-1.5931,0.3036,-2.945,-0.2542,-0.652,2.5905,1.6271,-0.9945,1.5445,1.3172,0.2497,-0.0832,-0.4475,-0.9811,0.8501,4.7903,-2.055,3.0209,1.0822,-2.7696,-1.2633,-0.3722,-0.067,-1.8015,-0.1589,-0.0422,-0.3375,-0.2026,2.8006
sequence_40831,525,0.1242,0.0336,0.0268,0.0302,0.0,0.0268,0.0302,0.057,0.0067,0.057,0.1409,0.0235,0.0201,0.0503,0.0403,0.0973,0.057,0.0201,0.0503,0.1074,0.0,0.309,2.5968,-2.4981,0.4985,-0.4805,0.3496,-1.3135,2.2002,-1.6613,0.1316,-1.3393,-1.6213,1.9409,-1.8699,0.3351,-0.1952,1.8324,-0.298,0.7943,-0.4556,4.7188,0.6505,-0.9789,-2.6411,-0.3959,0.494,-0.0611,0.1504,-0.9764,0.4568,-2.6566,0.3658,-1.8753,-1.4206,-1.4254,2.4478,-0.5493,2.3346,-1.9912,-2.8757,-1.7131,-2.1633,0.6291,-0.1102,-1.0056,-1.521,3.5585,-1.2558,-1.7464,2.04,-2.0654,-0.5315,-1.8001,-0.1192,-0.1402,2.3078,0.138,-0.7703,-2.6824,-0.2888,-0.1694,-0.304,2.153,-0.1422,-0.0052,3.058,-1.305,0.5064,-0.1265,-0.9679,2.0474,-1.5384,0.3191,-2.9535,-0.2429,-0.6974,2.613,1.6617,-1.0113,1.504,1.3746,0.2431,-0.1019,-0.3961,-0.9488,0.8152,4.8196,-2.058,3.0519,1.0625,-2.8235,-1.2579,-0.3921,-0.0562,-1.723,-0.1745,-0.0418,-0.3197,-0.2161,2.8756
sequence_40856,498,0.1242,0.0336,0.0268,0.0302,0.0,0.0268,0.0268,0.057,0.0067,0.057,0.1409,0.0235,0.0201,0.0503,0.0403,0.0973,0.057,0.0235,0.0503,0.1074,0.0,0.3084,2.6164,-2.4889,0.5252,-0.4995,0.3411,-1.3654,2.1931,-1.6314,0.1275,-1.352,-1.6326,1.9859,-1.8902,0.3288,-0.1682,1.8536,-0.311,0.8211,-0.4735,4.7308,0.6278,-0.9229,-2.6378,-0.4103,0.5868,-0.0913,0.1505,-0.9817,0.4483,-2.6436,0.3741,-1.8794,-1.3868,-1.4343,2.503,-0.5684,2.3104,-2.0375,-2.8527,-1.7196,-2.1842,0.6087,-0.1532,-0.9407,-1.5219,3.5581,-1.2426,-1.7569,2.0527,-2.0446,-0.5391,-1.8057,-0.1097,-0.1523,2.3944,0.1639,-0.7679,-2.6797,-0.273,-0.1559,-0.3577,2.1541,-0.1234,-0.02,3.0509,-1.2574,0.4549,-0.0852,-0.9524,2.0718,-1.5545,0.27,-2.9832,-0.1954,-0.6928,2.6781,1.6482,-0.9525,1.5793,1.4253,0.2679,-0.1292,-0.3954,-1.022,0.8436,4.8146,-2.0799,3.0227,1.0381,-2.8805,-1.3224,-0.3663,-0.0632,-1.7399,-0.211,-0.0872,-0.3286,-0.1811,2.9084
sequence_40815,498,0.1242,0.0336,0.0268,0.0302,0.0034,0.0268,0.0268,0.057,0.0067,0.057,0.1409,0.0235,0.0201,0.0503,0.0403,0.094,0.057,0.0235,0.0503,0.1074,0.0,0.3029,2.6211,-2.4832,0.5274,-0.4998,0.3457,-1.3469,2.2036,-1.6322,0.1272,-1.3669,-1.6316,2.0072,-1.9004,0.3567,-0.1737,1.8647,-0.3188,0.8156,-0.4787,4.7449,0.6169,-0.9453,-2.6416,-0.4174,0.5801,-0.0982,0.1385,-0.994,0.4543,-2.6501,0.377,-1.8817,-1.3887,-1.428,2.5149,-0.5594,2.3196,-2.0423,-2.8486,-1.7039,-2.1843,0.6196,-0.1607,-0.9269,-1.5149,3.5687,-1.238,-1.7649,2.0516,-2.0514,-0.5489,-1.8051,-0.129,-0.1455,2.402,0.1642,-0.7633,-2.677,-0.2745,-0.1715,-0.3645,2.1713,-0.1291,-0.0189,3.0459,-1.2685,0.456,-0.0931,-0.9431,2.0814,-1.561,0.2855,-3.0045,-0.1867,-0.6972,2.7024,1.6513,-0.9568,1.589,1.4438,0.2568,-0.1231,-0.3981,-1.0393,0.8335,4.8249,-2.0931,2.9941,1.0378,-2.9051,-1.3243,-0.3644,-0.0735,-1.7394,-0.2076,-0.0767,-0.3264,-0.218,2.9256
sequence_40851,477,0.1242,0.0336,0.0268,0.0302,0.0034,0.0268,0.0268,0.0537,0.0067,0.057,0.1443,0.0235,0.0201,0.0503,0.0403,0.094,0.057,0.0235,0.0503,0.1074,0.0,0.3501,2.6228,-2.4932,0.5177,-0.5107,0.3043,-1.2858,2.1712,-1.6417,0.1168,-1.377,-1.6291,1.9557,-1.8451,0.3491,-0.1874,1.7942,-0.3006,0.8131,-0.4729,4.7688,0.6046,-0.9304,-2.6268,-0.4027,0.5313,-0.0845,0.0996,-0.9278,0.4609,-2.6002,0.3579,-1.8324,-1.3834,-1.3903,2.5158,-0.5843,2.3285,-2.055,-2.8503,-1.6931,-2.1754,0.6361,-0.1314,-0.925,-1.5252,3.5903,-1.2549,-1.759,2.0306,-2.0379,-0.5156,-1.8112,-0.0924,-0.1124,2.3286,0.17,-0.7717,-2.7051,-0.2895,-0.2082,-0.3204,2.1689,-0.1513,-0.015,3.0367,-1.2946,0.4726,-0.1115,-0.9809,2.0493,-1.5773,0.285,-2.9527,-0.2249,-0.6882,2.6421,1.6594,-0.9689,1.5697,1.3979,0.2208,-0.0891,-0.4259,-0.9973,0.7635,4.8345,-2.058,3.0293,1.0127,-2.8378,-1.2466,-0.3506,-0.0654,-1.7293,-0.1566,-0.0646,-0.3152,-0.1904,2.8669
sequence_40847,486,0.1242,0.0336,0.0268,0.0302,0.0,0.0268,0.0268,0.057,0.0067,0.057,0.1443,0.0235,0.0201,0.0503,0.0403,0.094,0.057,0.0235,0.0503,0.1074,0.0,0.2952,2.6026,-2.4836,0.5418,-0.4975,0.3081,-1.3377,2.1507,-1.6076,0.1295,-1.3641,-1.6237,1.9773,-1.847,0.3804,-0.1997,1.8224,-0.3058,0.7985,-0.4943,4.758,0.6336,-0.9021,-2.5872,-0.4079,0.6122,-0.0917,0.1277,-0.9615,0.4508,-2.6157,0.3889,-1.8579,-1.3844,-1.4208,2.4916,-0.5748,2.3138,-2.0329,-2.8296,-1.707,-2.1766,0.6048,-0.1502,-0.9362,-1.5172,3.5753,-1.2407,-1.7591,2.0491,-2.0368,-0.5267,-1.8084,-0.1034,-0.1533,2.3638,0.1582,-0.7661,-2.6577,-0.3038,-0.1764,-0.3275,2.1325,-0.1209,-0.02,3.0356,-1.2485,0.4725,-0.1039,-0.9657,2.0741,-1.5379,0.2602,-2.9728,-0.2074,-0.6937,2.6737,1.6275,-0.9436,1.5588,1.4145,0.2358,-0.1078,-0.3981,-1.012,0.8043,4.8193,-2.0549,3.0261,1.0524,-2.8596,-1.3209,-0.338,-0.0607,-1.713,-0.2482,-0.0809,-0.3266,-0.1791,2.9227
sequence_40858,495,0.1242,0.0336,0.0268,0.0302,0.0,0.0268,0.0268,0.057,0.0067,0.057,0.1409,0.0235,0.0201,0.0503,0.0403,0.094,0.057,0.0235,0.0503,0.1107,0.0,0.3114,2.6105,-2.4927,0.5392,-0.503,0.3213,-1.3542,2.1661,-1.6284,0.1343,-1.3665,-1.621,1.9864,-1.8655,0.3852,-0.1835,1.8472,-0.3145,0.8116,-0.4936,4.7539,0.6205,-0.923,-2.6085,-0.4127,0.5879,-0.0949,0.1302,-0.9844,0.4553,-2.6225,0.3792,-1.8683,-1.385,-1.4239,2.5136,-0.5704,2.3209,-2.0428,-2.8377,-1.7038,-2.182,0.6181,-0.1537,-0.9171,-1.511,3.5771,-1.2297,-1.7511,2.0418,-2.0441,-0.5348,-1.8105,-0.1208,-0.1453,2.3957,0.1709,-0.7683,-2.6645,-0.301,-0.1774,-0.338,2.1329,-0.1159,-0.0246,3.0289,-1.2639,0.4635,-0.0971,-0.9555,2.0779,-1.5422,0.2882,-2.9977,-0.2007,-0.6971,2.6886,1.6383,-0.9589,1.5675,1.4329,0.2472,-0.1122,-0.4045,-1.0229,0.8212,4.819,-2.0743,3.0184,1.0418,-2.867,-1.3264,-0.3688,-0.0695,-1.7345,-0.2243,-0.0796,-0.3321,-0.2122,2.9321
sequence_40852,474,0.1242,0.0336,0.0268,0.0302,0.0,0.0268,0.0268,0.0537,0.0067,0.057,0.1443,0.0235,0.0201,0.0503,0.0403,0.0973,0.057,0.0235,0.0503,0.1074,0.0,0.3347,2.6123,-2.4751,0.5414,-0.5012,0.311,-1.3163,2.1593,-1.6205,0.1491,-1.3648,-1.6161,1.9667,-1.8516,0.3943,-0.1899,1.829,-0.3041,0.7958,-0.4873,4.7629,0.6228,-0.9484,-2.59,-0.4136,0.5587,-0.08,0.1088,-0.9691,0.4702,-2.5967,0.3648,-1.8742,-1.3788,-1.4022,2.5013,-0.5589,2.3273,-2.023,-2.833,-1.6988,-2.1624,0.642,-0.1423,-0.8878,-1.5068,3.5797,-1.2287,-1.7264,2.0091,-2.0529,-0.5048,-1.8076,-0.1077,-0.117,2.376,0.1558,-0.7751,-2.6702,-0.3045,-0.1847,-0.2978,2.1312,-0.1342,-0.0054,3.0177,-1.2701,0.4938,-0.1115,-0.981,2.0452,-1.5413,0.3005,-2.9651,-0.2194,-0.6934,2.6509,1.6578,-1.0025,1.5345,1.4269,0.1975,-0.0958,-0.4086,-0.9725,0.7437,4.8298,-2.0519,3.0392,1.0306,-2.8247,-1.2602,-0.3688,-0.0675,-1.7039,-0.2074,-0.0705,-0.3236,-0.2139,2.9078
sequence_40843,495,0.1242,0.0336,0.0268,0.0302,0.0,0.0268,0.0268,0.0604,0.0067,0.057,0.1409,0.0235,0.0201,0.0503,0.0403,0.094,0.057,0.0235,0.0503,0.1074,0.0,0.2834,2.5899,-2.4803,0.5228,-0.4696,0.3486,-1.3422,2.1907,-1.643,0.1209,-1.3412,-1.634,1.9585,-1.8819,0.3079,-0.2145,1.8471,-0.3042,0.8014,-0.4397,4.7281,0.6668,-0.9365,-2.6299,-0.4071,0.5867,-0.0613,0.1631,-0.9584,0.4387,-2.6476,0.394,-1.8778,-1.4063,-1.4343,2.4335,-0.5627,2.3154,-1.9993,-2.8566,-1.6982,-2.1675,0.6022,-0.1377,-1.0106,-1.5276,3.5651,-1.2466,-1.7463,2.0666,-2.0371,-0.5548,-1.7922,-0.1128,-0.1819,2.3151,0.1415,-0.7665,-2.6548,-0.2834,-0.142,-0.3501,2.1467,-0.1328,-0.0221,3.0523,-1.2664,0.4762,-0.1087,-0.9674,2.0561,-1.5253,0.2538,-2.9539,-0.2016,-0.7007,2.6381,1.639,-0.9389,1.5272,1.3687,0.2793,-0.1207,-0.3838,-1.004,0.8511,4.8231,-2.0471,3.0186,1.0708,-2.8678,-1.3207,-0.3531,-0.06,-1.7281,-0.2246,-0.0732,-0.3202,-0.1638,2.8881
sequence_40846,483,0.1242,0.0336,0.0268,0.0302,0.0034,0.0268,0.0268,0.057,0.0067,0.057,0.1443,0.0235,0.0201,0.0503,0.0403,0.0906,0.057,0.0235,0.0503,0.1074,0.0,0.3076,2.6132,-2.5021,0.5175,-0.507,0.3001,-1.311,2.1592,-1.6278,0.101,-1.3768,-1.638,1.9687,-1.841,0.3338,-0.1991,1.7911,-0.3032,0.8156,-0.4798,4.7617,0.6159,-0.8814,-2.6217,-0.3988,0.589,-0.0962,0.1176,-0.9221,0.4443,-2.618,0.3824,-1.8169,-1.3843,-1.4101,2.5105,-0.6028,2.3127,-2.0668,-2.8459,-1.6991,-2.1873,0.5968,-0.1369,-0.9666,-1.5341,3.5844,-1.2674,-1.7943,2.0694,-2.0218,-0.5387,-1.8139,-0.0873,-0.1504,2.3247,0.1756,-0.7616,-2.6922,-0.2902,-0.1999,-0.3491,2.1672,-0.1396,-0.0284,3.0519,-1.273,0.4504,-0.1027,-0.9646,2.0805,-1.571,0.2398,-2.9646,-0.2121,-0.6901,2.6693,1.6242,-0.9095,1.5937,1.3927,0.2609,-0.1014,-0.4161,-1.0388,0.8255,4.8262,-2.0606,3.0145,1.0314,-2.8734,-1.3073,-0.3197,-0.0576,-1.735,-0.1978,-0.0754,-0.3174,-0.1531,2.8905
sequence_40791,454,0.1242,0.0336,0.0268,0.0302,0.0,0.0268,0.0268,0.0537,0.0067,0.057,0.1477,0.0235,0.0201,0.0503,0.0403,0.0973,0.057,0.0201,0.0503,0.1074,0.0,0.327,2.5837,-2.4726,0.5199,-0.5113,0.2966,-1.3058,2.159,-1.6087,0.1141,-1.3646,-1.6345,1.9547,-1.825,0.422,-0.1941,1.8261,-0.2968,0.8003,-0.505,4.7568,0.6251,-0.9191,-2.5945,-0.4089,0.5882,-0.0763,0.1216,-0.9645,0.4731,-2.6157,0.3702,-1.8948,-1.3839,-1.4152,2.4899,-0.5616,2.3423,-2.0201,-2.8382,-1.7082,-2.1633,0.6238,-0.1299,-0.9104,-1.5104,3.5712,-1.2399,-1.7512,2.0314,-2.0494,-0.5069,-1.8037,-0.1103,-0.116,2.3493,0.1487,-0.7842,-2.6807,-0.2997,-0.1899,-0.2829,2.1456,-0.1322,-0.0183,3.0122,-1.2731,0.4886,-0.1178,-0.9744,2.0485,-1.5529,0.2668,-2.9564,-0.2213,-0.6899,2.6647,1.6368,-1.0069,1.5406,1.4404,0.1906,-0.1075,-0.3982,-0.9555,0.7346,4.8336,-2.0527,3.0353,1.0275,-2.8278,-1.2379,-0.3327,-0.0709,-1.6824,-0.2289,-0.0641,-0.3216,-0.2027,2.9141
sequence_40793,456,0.1242,0.0336,0.0268,0.0302,0.0,0.0268,0.0268,0.0537,0.0067,0.057,0.1443,0.0235,0.0235,0.0503,0.0403,0.0973,0.057,0.0201,0.0503,0.1074,0.0,0.3311,2.5772,-2.4688,0.5293,-0.5054,0.3093,-1.2983,2.169,-1.6121,0.1249,-1.3798,-1.6354,1.9648,-1.8238,0.4403,-0.1874,1.8449,-0.3106,0.8054,-0.5051,4.7523,0.6138,-0.9281,-2.6045,-0.4131,0.5781,-0.1005,0.1027,-0.958,0.4755,-2.6204,0.3517,-1.9078,-1.3792,-1.4235,2.5052,-0.5509,2.3414,-2.017,-2.8352,-1.6919,-2.1669,0.6282,-0.1288,-0.8955,-1.499,3.5721,-1.2414,-1.7571,2.0267,-2.0586,-0.509,-1.7999,-0.1108,-0.1147,2.3595,0.1489,-0.7762,-2.6922,-0.2892,-0.1813,-0.3085,2.1555,-0.1275,-0.0139,3.0079,-1.2796,0.4835,-0.1162,-0.9718,2.0506,-1.5596,0.2843,-2.9607,-0.2159,-0.6907,2.6706,1.6483,-1.0223,1.5489,1.4654,0.1838,-0.1026,-0.3939,-0.9632,0.721,4.8307,-2.0669,3.0013,1.0248,-2.8307,-1.2201,-0.3373,-0.0676,-1.6831,-0.2178,-0.0752,-0.3213,-0.2188,2.9037
sequence_40861,464,0.1242,0.0336,0.0268,0.0302,0.0,0.0268,0.0268,0.0537,0.0067,0.057,0.1409,0.0235,0.0201,0.0503,0.0403,0.0973,0.0604,0.0235,0.0503,0.1074,0.0,0.3441,2.593,-2.4615,0.5127,-0.4782,0.3751,-1.3156,2.2325,-1.7083,0.1876,-1.3281,-1.6003,1.9474,-1.929,0.3274,-0.1795,1.8838,-0.2873,0.8051,-0.4233,4.739,0.5861,-1.0278,-2.6426,-0.4164,0.5017,-0.1041,0.0727,-1.0012,0.4871,-2.6276,0.3575,-1.9448,-1.3701,-1.4272,2.5032,-0.54,2.3465,-1.9954,-2.8432,-1.709,-2.1554,0.6726,-0.1262,-0.867,-1.4886,3.5607,-1.2293,-1.6912,1.9524,-2.0726,-0.4981,-1.7803,-0.1352,-0.1092,2.3892,0.1583,-0.7585,-2.6762,-0.2421,-0.1561,-0.3178,2.1251,-0.147,-0.0222,3.0016,-1.347,0.503,-0.0692,-0.973,2.0005,-1.5581,0.3358,-2.9588,-0.2471,-0.6775,2.6443,1.6558,-1.0646,1.4809,1.4174,0.2635,-0.0883,-0.4085,-0.9727,0.7826,4.8265,-2.0611,3.0101,0.995,-2.8125,-1.2065,-0.4013,-0.0914,-1.7375,-0.1249,-0.055,-0.2978,-0.249,2.8802
sequence_40812,464,0.1242,0.0336,0.0268,0.0302,0.0,0.0268,0.0268,0.057,0.0067,0.057,0.1443,0.0235,0.0168,0.0503,0.0403,0.0973,0.057,0.0235,0.0503,0.1074,0.0,0.3215,2.613,-2.4939,0.5275,-0.4839,0.3303,-1.3491,2.1624,-1.6292,0.1572,-1.3492,-1.6171,1.9627,-1.8722,0.3748,-0.1995,1.8277,-0.3035,0.7948,-0.4863,4.7614,0.6405,-0.9179,-2.5857,-0.4037,0.5883,-0.0728,0.1358,-0.9652,0.4697,-2.5909,0.3858,-1.8729,-1.3989,-1.4065,2.4697,-0.5564,2.3455,-2.02,-2.853,-1.695,-2.1575,0.6224,-0.1332,-0.9206,-1.4914,3.5817,-1.2411,-1.7357,2.0147,-2.046,-0.5199,-1.7989,-0.091,-0.1299,2.3533,0.1661,-0.7719,-2.6819,-0.3084,-0.1797,-0.298,2.124,-0.1125,-0.0118,3.0066,-1.2664,0.487,-0.1164,-0.9839,2.0503,-1.5185,0.2679,-2.9651,-0.2325,-0.7058,2.6393,1.644,-0.988,1.508,1.4031,0.2169,-0.0908,-0.406,-0.9712,0.7636,4.8337,-2.0373,3.0413,1.0287,-2.8028,-1.2781,-0.3606,-0.0468,-1.7178,-0.224,-0.0588,-0.3357,-0.1599,2.9134
sequence_40854,465,0.1242,0.0336,0.0268,0.0302,0.0,0.0268,0.0268,0.0503,0.0067,0.057,0.1443,0.0235,0.0201,0.0503,0.0403,0.1007,0.057,0.0235,0.0503,0.1074,0.0,0.3244,2.6245,-2.4803,0.5537,-0.5169,0.3012,-1.3093,2.1744,-1.5982,0.1238,-1.3777,-1.6101,1.9569,-1.8334,0.388,-0.1543,1.8147,-0.3013,0.7994,-0.4935,4.7719,0.6228,-0.9349,-2.6086,-0.4162,0.557,-0.0936,0.1025,-0.9735,0.4771,-2.6279,0.3716,-1.8412,-1.3727,-1.4052,2.5182,-0.5654,2.3195,-2.042,-2.8426,-1.7276,-2.1647,0.6402,-0.1352,-0.8913,-1.4974,3.5799,-1.2513,-1.7259,2.0255,-2.0427,-0.4916,-1.8012,-0.0873,-0.1115,2.3934,0.1581,-0.7675,-2.6883,-0.295,-0.1854,-0.3204,2.1479,-0.1499,-0.0097,3.0657,-1.2826,0.512,-0.1213,-0.9866,2.0612,-1.5723,0.313,-2.9776,-0.2182,-0.687,2.678,1.6649,-1.0016,1.5661,1.4248,0.1961,-0.095,-0.4179,-0.9803,0.7478,4.8301,-2.0774,3.0544,1.0231,-2.832,-1.2503,-0.3729,-0.0722,-1.7144,-0.1837,-0.074,-0.3202,-0.2155,2.9078
sequence_40853,463,0.1242,0.0336,0.0268,0.0302,0.0,0.0268,0.0268,0.057,0.0067,0.057,0.1443,0.0235,0.0201,0.047,0.0403,0.0973,0.057,0.0235,0.0503,0.1074,0.0,0.2928,2.6274,-2.4529,0.5549,-0.4895,0.2959,-1.376,2.1344,-1.6067,0.1467,-1.3606,-1.6083,1.97,-1.8407,0.3544,-0.2048,1.8083,-0.3192,0.7892,-0.4833,4.7324,0.6296,-0.8698,-2.583,-0.3805,0.6197,-0.0757,0.1409,-0.9611,0.464,-2.5685,0.3987,-1.8563,-1.3718,-1.3824,2.4954,-0.5808,2.2908,-2.0366,-2.82,-1.6836,-2.1674,0.5641,-0.1422,-0.8945,-1.4941,3.5719,-1.2306,-1.7334,2.0313,-2.0372,-0.5364,-1.8248,-0.0823,-0.1568,2.3919,0.1446,-0.7486,-2.6022,-0.3061,-0.1748,-0.3155,2.0996,-0.0847,-0.033,2.9882,-1.2431,0.4646,-0.0774,-0.9826,2.0785,-1.5081,0.2443,-2.9743,-0.2188,-0.6775,2.6654,1.6022,-0.9569,1.5302,1.4391,0.2476,-0.0963,-0.4118,-1.0215,0.7924,4.8096,-2.0661,2.9887,1.0241,-2.8537,-1.337,-0.3157,-0.0632,-1.6786,-0.2601,-0.0772,-0.3392,-0.1486,2.9226
sequence_40848,461,0.1275,0.0336,0.0268,0.0302,0.0,0.0268,0.0268,0.0537,0.0067,0.057,0.1443,0.0235,0.0201,0.047,0.0403,0.0973,0.057,0.0235,0.0503,0.1074,0.0,0.3217,2.6216,-2.4703,0.5521,-0.4861,0.2944,-1.3269,2.1396,-1.6043,0.154,-1.3546,-1.6129,1.9552,-1.8372,0.3931,-0.1947,1.8146,-0.3195,0.7942,-0.4944,4.7484,0.6239,-0.9246,-2.5755,-0.4123,0.5806,-0.0768,0.1139,-0.9569,0.4777,-2.5667,0.3684,-1.8588,-1.3653,-1.3891,2.5073,-0.5681,2.3076,-2.0398,-2.8179,-1.6808,-2.1661,0.608,-0.1453,-0.8641,-1.5096,3.5754,-1.226,-1.7085,2.0057,-2.0398,-0.5055,-1.811,-0.0899,-0.1251,2.3852,0.1508,-0.7625,-2.6326,-0.313,-0.187,-0.2989,2.121,-0.1097,-0.013,2.9923,-1.2701,0.4849,-0.0992,-0.9864,2.0559,-1.5195,0.2873,-2.9689,-0.2167,-0.6816,2.6643,1.6251,-1.0008,1.5235,1.4376,0.2031,-0.0852,-0.4127,-0.9933,0.7353,4.8189,-2.0569,3.0179,1.0066,-2.8291,-1.269,-0.3474,-0.0587,-1.6838,-0.2226,-0.0675,-0.3163,-0.1985,2.9141
sequence_40849,464,0.1242,0.0336,0.0268,0.0302,0.0,0.0268,0.0268,0.057,0.0067,0.057,0.1443,0.0235,0.0201,0.0503,0.0403,0.0973,0.057,0.0235,0.047,0.1074,0.0,0.3062,2.5978,-2.4457,0.5048,-0.4795,0.3322,-1.3226,2.1844,-1.5983,0.1537,-1.3765,-1.616,1.9628,-1.8653,0.3848,-0.191,1.8253,-0.3089,0.791,-0.4754,4.739,0.6325,-0.959,-2.606,-0.403,0.5546,-0.045,0.1106,-0.9772,0.4648,-2.6022,0.3671,-1.8939,-1.3742,-1.4003,2.4646,-0.5446,2.3122,-1.991,-2.8233,-1.7041,-2.1429,0.6463,-0.1227,-0.9032,-1.5061,3.5547,-1.234,-1.748,2.0044,-2.0509,-0.5134,-1.8089,-0.0815,-0.1051,2.3662,0.1187,-0.77,-2.6419,-0.2825,-0.1807,-0.2858,2.147,-0.1335,0.0036,2.9992,-1.28,0.505,-0.0802,-0.9701,2.0428,-1.5373,0.2862,-2.9608,-0.2108,-0.6824,2.6321,1.6388,-1.0144,1.5181,1.4277,0.1949,-0.1003,-0.3925,-0.9625,0.7254,4.8258,-2.0465,3.0148,1.0376,-2.8511,-1.2708,-0.3822,-0.0437,-1.6756,-0.2121,-0.062,-0.3149,-0.1908,2.9173
sequence_40850,462,0.1242,0.0336,0.0268,0.0302,0.0,0.0268,0.0268,0.0537,0.0067,0.057,0.1443,0.0235,0.0201,0.0503,0.0403,0.0973,0.0604,0.0235,0.047,0.1074,0.0,0.323,2.6074,-2.4685,0.5306,-0.4969,0.3147,-1.3327,2.1586,-1.6103,0.159,-1.3622,-1.6206,1.9775,-1.8583,0.3984,-0.194,1.837,-0.2998,0.799,-0.4858,4.7637,0.6335,-0.9483,-2.5858,-0.4211,0.5649,-0.081,0.1143,-0.9761,0.4746,-2.5979,0.3559,-1.8834,-1.3812,-1.409,2.498,-0.5571,2.3296,-2.0159,-2.8208,-1.7073,-2.1491,0.6522,-0.1339,-0.888,-1.5081,3.5801,-1.2201,-1.707,2.0058,-2.052,-0.5001,-1.8051,-0.1104,-0.109,2.3933,0.1533,-0.772,-2.6505,-0.2982,-0.1967,-0.2834,2.1298,-0.1325,-0.0086,3.0126,-1.2744,0.4938,-0.1061,-0.977,2.0588,-1.5317,0.3012,-2.9689,-0.2066,-0.6905,2.6491,1.6525,-1.0067,1.5141,1.4301,0.186,-0.1003,-0.3983,-0.9744,0.7358,4.8325,-2.0489,3.0505,1.0343,-2.8224,-1.2723,-0.3799,-0.0516,-1.7073,-0.2301,-0.0718,-0.332,-0.213,2.9142
sequence_40792,517,0.1275,0.0336,0.0268,0.0302,0.0,0.0268,0.0302,0.057,0.0067,0.057,0.1409,0.0235,0.0235,0.0503,0.0403,0.094,0.057,0.0168,0.0503,0.1074,0.0,0.287,2.5682,-2.4895,0.4967,-0.4898,0.3412,-1.2794,2.2072,-1.6412,0.0688,-1.3754,-1.6438,1.9416,-1.7969,0.3905,-0.1806,1.8244,-0.3189,0.8098,-0.479,4.7146,0.6482,-0.9423,-2.668,-0.3937,0.5241,-0.0747,0.1401,-0.9353,0.4648,-2.6949,0.3556,-1.8601,-1.4298,-1.4301,2.4594,-0.5609,2.3447,-2.0117,-2.8743,-1.6948,-2.1776,0.6054,-0.0916,-1.0306,-1.5247,3.5669,-1.2886,-1.7901,2.0873,-2.0478,-0.5396,-1.8026,-0.1234,-0.1459,2.2993,0.1372,-0.765,-2.6953,-0.3008,-0.1725,-0.33,2.1859,-0.1616,-0.0144,3.08,-1.3143,0.4947,-0.1443,-0.9567,2.0834,-1.5582,0.2966,-2.9776,-0.2324,-0.71,2.6531,1.6543,-1.0072,1.5524,1.4322,0.2245,-0.1054,-0.3874,-0.9763,0.7965,4.8164,-2.0848,3.026,1.057,-2.8518,-1.2371,-0.355,-0.0491,-1.6948,-0.1833,-0.0464,-0.3317,-0.2072,2.8846
sequence_40790,523,0.1275,0.0336,0.0268,0.0302,0.0,0.0268,0.0302,0.057,0.0067,0.057,0.1443,0.0235,0.0201,0.0503,0.0403,0.094,0.057,0.0168,0.0503,0.1074,0.0,0.2836,2.5751,-2.4947,0.4887,-0.4952,0.3274,-1.2836,2.1962,-1.6356,0.0625,-1.3587,-1.644,1.9342,-1.8002,0.3721,-0.1902,1.807,-0.3035,0.8059,-0.4767,4.7205,0.6586,-0.9351,-2.6547,-0.39,0.5388,-0.048,0.1592,-0.9453,0.4609,-2.6893,0.3743,-1.8527,-1.4341,-1.4237,2.4471,-0.5741,2.3453,-2.0146,-2.8779,-1.7116,-2.1722,0.6031,-0.0928,-1.0387,-1.5357,3.5629,-1.2884,-1.7825,2.0921,-2.0412,-0.5353,-1.8084,-0.1262,-0.1458,2.2932,0.1377,-0.7723,-2.6814,-0.3108,-0.1847,-0.3024,2.1747,-0.1686,-0.0179,3.0855,-1.3093,0.5031,-0.147,-0.9574,2.0823,-1.5524,0.2803,-2.9733,-0.2356,-0.7087,2.6461,1.6443,-0.9914,1.5444,1.4067,0.2288,-0.1104,-0.39,-0.9665,0.8095,4.8208,-2.0698,3.0587,1.0563,-2.8496,-1.2548,-0.3467,-0.0503,-1.6928,-0.195,-0.0377,-0.3303,-0.1951,2.8973
sequence_40860,535,0.1275,0.0336,0.0268,0.0302,0.0,0.0268,0.0302,0.057,0.0067,0.057,0.1376,0.0235,0.0201,0.0503,0.0403,0.094,0.0604,0.0201,0.0503,0.1074,0.0,0.3039,2.5962,-2.4782,0.4871,-0.4689,0.4045,-1.3177,2.2643,-1.7371,0.1375,-1.3202,-1.6144,1.9379,-1.9027,0.2639,-0.1724,1.8712,-0.2976,0.822,-0.3959,4.6976,0.6255,-1.0283,-2.7082,-0.3935,0.4611,-0.0918,0.105,-0.9708,0.4732,-2.6795,0.3615,-1.8949,-1.4134,-1.4292,2.4662,-0.5481,2.3425,-1.9914,-2.8769,-1.7091,-2.1593,0.6376,-0.0966,-0.9899,-1.5084,3.5575,-1.2775,-1.7151,2.006,-2.0646,-0.5282,-1.7809,-0.1384,-0.1423,2.346,0.1507,-0.7422,-2.6684,-0.2495,-0.139,-0.3406,2.1391,-0.1778,-0.0331,3.0526,-1.3777,0.5094,-0.095,-0.9593,2.0371,-1.5561,0.3431,-2.9573,-0.2616,-0.6936,2.6286,1.6474,-1.0579,1.4776,1.3896,0.2969,-0.088,-0.4034,-0.9998,0.8601,4.8064,-2.0899,3.0263,1.0107,-2.8266,-1.2227,-0.4082,-0.0668,-1.7555,-0.0955,-0.0343,-0.3144,-0.2254,2.8422
sequence_40839,538,0.1275,0.0336,0.0268,0.0302,0.0,0.0268,0.0302,0.0537,0.0067,0.057,0.1409,0.0235,0.0201,0.0503,0.0403,0.0973,0.057,0.0201,0.0503,0.1074,0.0,0.3074,2.6311,-2.4771,0.5076,-0.4952,0.3519,-1.3038,2.2109,-1.6497,0.1055,-1.3559,-1.6022,1.9344,-1.8496,0.3103,-0.1632,1.8202,-0.3042,0.7975,-0.454,4.7284,0.6362,-0.9794,-2.668,-0.3931,0.4793,-0.0652,0.1459,-0.9604,0.4847,-2.6718,0.3587,-1.8311,-1.4109,-1.3813,2.4854,-0.559,2.3242,-2.0267,-2.8677,-1.7237,-2.1606,0.6247,-0.0904,-0.9832,-1.5148,3.568,-1.2773,-1.7128,2.0516,-2.0309,-0.5075,-1.7907,-0.1111,-0.1289,2.3615,0.1508,-0.749,-2.6649,-0.2883,-0.1753,-0.3365,2.1598,-0.173,-0.0017,3.0896,-1.3325,0.5208,-0.13,-0.9681,2.0787,-1.5505,0.344,-2.9846,-0.2365,-0.694,2.6554,1.6656,-1.0134,1.5252,1.4097,0.2369,-0.087,-0.4132,-0.9857,0.8052,4.8117,-2.1065,3.0638,1.0301,-2.842,-1.2601,-0.4078,-0.0483,-1.7326,-0.1361,-0.0403,-0.3281,-0.2179,2.8795
sequence_40835,535,0.1275,0.0336,0.0268,0.0302,0.0,0.0268,0.0302,0.0604,0.0067,0.057,0.1409,0.0235,0.0201,0.047,0.0403,0.094,0.057,0.0201,0.0503,0.1074,0.0,0.2579,2.6005,-2.4804,0.5285,-0.4574,0.3445,-1.316,2.1731,-1.6705,0.0866,-1.3407,-1.6253,1.9271,-1.8318,0.2521,-0.1961,1.7961,-0.3078,0.807,-0.401,4.6918,0.6482,-0.9538,-2.6405,-0.3799,0.534,-0.0495,0.1671,-0.9423,0.4642,-2.633,0.3973,-1.7982,-1.4076,-1.3837,2.4341,-0.5884,2.307,-2.0359,-2.8444,-1.6861,-2.172,0.5757,-0.1108,-1.0188,-1.5334,3.558,-1.2657,-1.7317,2.0658,-2.0124,-0.554,-1.8005,-0.1107,-0.183,2.3097,0.1436,-0.731,-2.617,-0.3203,-0.1625,-0.3356,2.1235,-0.1481,-0.0352,3.0588,-1.3077,0.4905,-0.0819,-0.9675,2.0824,-1.5053,0.2582,-2.9744,-0.239,-0.6956,2.6374,1.6146,-0.9536,1.5096,1.3607,0.3114,-0.0916,-0.3984,-1.0192,0.8704,4.7987,-2.0595,3.018,1.046,-2.8457,-1.3128,-0.3637,-0.0496,-1.698,-0.1611,-0.0533,-0.3204,-0.1683,2.8835
sequence_40819,532,0.1309,0.0336,0.0268,0.0302,0.0,0.0268,0.0302,0.057,0.0067,0.057,0.1409,0.0235,0.0201,0.047,0.0403,0.094,0.057,0.0201,0.0503,0.1074,0.0,0.2803,2.602,-2.494,0.5234,-0.4699,0.3288,-1.2842,2.1734,-1.6424,0.0872,-1.3507,-1.6261,1.9219,-1.8119,0.3235,-0.1818,1.7949,-0.3178,0.8045,-0.4459,4.7116,0.6461,-0.9641,-2.6392,-0.4076,0.5091,-0.0515,0.1427,-0.9345,0.467,-2.6513,0.3727,-1.7964,-1.4065,-1.3956,2.4616,-0.5828,2.3191,-2.0465,-2.8436,-1.6972,-2.1848,0.5985,-0.1125,-0.999,-1.5468,3.5639,-1.2664,-1.7326,2.0627,-2.0228,-0.5328,-1.8092,-0.1064,-0.1553,2.3164,0.1517,-0.7481,-2.643,-0.3291,-0.1796,-0.3241,2.1549,-0.1588,-0.0131,3.075,-1.3172,0.5073,-0.1129,-0.9693,2.0806,-1.527,0.2966,-2.9899,-0.2319,-0.6922,2.6527,1.637,-0.976,1.5303,1.3855,0.2632,-0.0911,-0.401,-1.0008,0.8177,4.8091,-2.0681,3.0494,1.0287,-2.843,-1.2682,-0.3812,-0.0394,-1.695,-0.1548,-0.0442,-0.3115,-0.2037,2.8948
sequence_40824,523,0.1275,0.0336,0.0268,0.0302,0.0,0.0268,0.0302,0.0604,0.0067,0.057,0.1409,0.0235,0.0201,0.0503,0.0403,0.094,0.057,0.0201,0.047,0.1074,0.0,0.2697,2.5861,-2.4741,0.4779,-0.4671,0.3618,-1.2948,2.2113,-1.6345,0.0927,-1.3717,-1.628,1.9335,-1.833,0.3324,-0.1813,1.8022,-0.3109,0.7959,-0.4454,4.7115,0.6565,-0.9818,-2.663,-0.3876,0.4949,-0.0266,0.1455,-0.9558,0.46,-2.6656,0.3691,-1.8388,-1.4194,-1.4101,2.4301,-0.5542,2.3199,-1.9886,-2.845,-1.71,-2.1554,0.6297,-0.0793,-1.0258,-1.5368,3.5442,-1.2696,-1.7584,2.0548,-2.041,-0.537,-1.8074,-0.096,-0.1323,2.3079,0.1092,-0.7641,-2.6427,-0.2927,-0.1797,-0.3075,2.1616,-0.1654,-0.0006,3.0642,-1.3147,0.52,-0.111,-0.9553,2.0697,-1.532,0.3053,-2.9799,-0.2249,-0.6977,2.6194,1.6445,-1.0013,1.5183,1.3898,0.2383,-0.1072,-0.3836,-0.9696,0.8015,4.8147,-2.0661,3.0394,1.0503,-2.86,-1.2824,-0.407,-0.0201,-1.6797,-0.1634,-0.0376,-0.3179,-0.1862,2.893
sequence_40825,532,0.1275,0.0336,0.0268,0.0302,0.0,0.0268,0.0302,0.057,0.0067,0.057,0.1409,0.0235,0.0201,0.0503,0.0403,0.094,0.0604,0.0201,0.047,0.1074,0.0,0.2863,2.5989,-2.4851,0.4944,-0.4856,0.3459,-1.3162,2.1961,-1.6495,0.1021,-1.3557,-1.6335,1.9491,-1.8339,0.3353,-0.1817,1.8187,-0.3006,0.8058,-0.4539,4.7283,0.6641,-0.9637,-2.6505,-0.406,0.497,-0.0584,0.1525,-0.9529,0.4644,-2.6695,0.358,-1.8272,-1.4296,-1.4106,2.4617,-0.5672,2.3373,-2.0133,-2.8555,-1.7125,-2.1632,0.6278,-0.0904,-1.021,-1.5375,3.5688,-1.2612,-1.7329,2.0629,-2.0447,-0.5274,-1.8119,-0.1212,-0.135,2.3311,0.1481,-0.7597,-2.6543,-0.3007,-0.1879,-0.3057,2.1504,-0.1613,-0.0116,3.0756,-1.3132,0.5091,-0.1355,-0.9607,2.092,-1.5291,0.3088,-2.9862,-0.22,-0.7029,2.6343,1.6574,-0.9914,1.5174,1.3941,0.2367,-0.1024,-0.3913,-0.9889,0.8197,4.8182,-2.0688,3.0736,1.0501,-2.8425,-1.2875,-0.4008,-0.0286,-1.7159,-0.178,-0.0423,-0.338,-0.1979,2.8911
sequence_40797,558,0.1275,0.0336,0.0268,0.0302,0.0034,0.0268,0.0302,0.057,0.0067,0.057,0.1409,0.0235,0.0201,0.0503,0.0403,0.094,0.0537,0.0201,0.0503,0.1074,0.0,0.3033,2.6056,-2.4928,0.491,-0.4879,0.3336,-1.3076,2.1766,-1.6526,0.1088,-1.3378,-1.6272,1.9408,-1.8294,0.3209,-0.1875,1.7862,-0.3062,0.7821,-0.4367,4.731,0.6544,-0.9646,-2.6235,-0.397,0.489,-0.0469,0.1657,-0.9574,0.475,-2.6467,0.3608,-1.8132,-1.4307,-1.3781,2.4595,-0.5777,2.342,-2.0284,-2.8515,-1.7038,-2.1726,0.6188,-0.0993,-1.0131,-1.55,3.564,-1.244,-1.7079,2.0458,-2.0426,-0.5254,-1.801,-0.1232,-0.1395,2.3056,0.153,-0.7673,-2.6512,-0.3073,-0.1844,-0.3031,2.141,-0.1521,-0.0025,3.0583,-1.3046,0.5002,-0.142,-0.9697,2.0825,-1.5329,0.2992,-2.9741,-0.2433,-0.7071,2.6225,1.6685,-0.9673,1.4992,1.3722,0.2562,-0.098,-0.4094,-0.9629,0.8157,4.8262,-2.0589,3.0811,1.0569,-2.8371,-1.2838,-0.3825,-0.038,-1.7132,-0.1793,-0.0245,-0.3241,-0.2154,2.8885
sequence_40800,558,0.1275,0.0336,0.0268,0.0336,0.0,0.0268,0.0302,0.057,0.0067,0.057,0.1409,0.0235,0.0201,0.0503,0.0403,0.094,0.0537,0.0201,0.0503,0.1074,0.0,0.2884,2.5932,-2.4814,0.4796,-0.479,0.349,-1.3228,2.2745,-1.7507,0.0835,-1.3479,-1.6344,1.9562,-1.8693,0.2628,-0.1482,1.8452,-0.3159,0.8459,-0.4029,4.6923,0.6433,-1.0273,-2.7309,-0.3966,0.3944,-0.0768,0.1545,-0.981,0.4531,-2.7049,0.3647,-1.8276,-1.433,-1.4322,2.4805,-0.5489,2.3495,-2.0456,-2.9011,-1.7002,-2.1727,0.6371,-0.0944,-1.0055,-1.5197,3.5453,-1.2906,-1.7734,2.0448,-2.0613,-0.5554,-1.8168,-0.1354,-0.1513,2.3411,0.1497,-0.7517,-2.6828,-0.2509,-0.1225,-0.351,2.1529,-0.1749,-0.0415,3.0901,-1.3624,0.5365,-0.1153,-0.9526,2.0811,-1.5665,0.2999,-2.9984,-0.2654,-0.6848,2.6499,1.6585,-1.0188,1.5442,1.4048,0.3065,-0.1063,-0.4124,-1.0323,0.9057,4.8014,-2.1228,3.0225,1.0115,-2.8727,-1.2471,-0.4238,-0.0678,-1.7758,-0.0945,-0.0276,-0.3145,-0.2223,2.8626
sequence_40803,549,0.1275,0.0336,0.0268,0.0302,0.0,0.0268,0.0302,0.0604,0.0067,0.057,0.1409,0.0235,0.0201,0.0503,0.0403,0.094,0.0537,0.0201,0.0503,0.1074,0.0,0.2794,2.5817,-2.4827,0.5017,-0.4811,0.3482,-1.2942,2.2049,-1.6608,0.0714,-1.3527,-1.6339,1.9319,-1.8329,0.3176,-0.1708,1.8126,-0.3056,0.7805,-0.4258,4.7138,0.6418,-0.9715,-2.6577,-0.3936,0.4721,-0.0737,0.1533,-0.9625,0.4654,-2.6788,0.3624,-1.8093,-1.4226,-1.3964,2.4552,-0.5573,2.3501,-2.0314,-2.8613,-1.6996,-2.1744,0.621,-0.1004,-1.0347,-1.5426,3.5558,-1.2744,-1.7648,2.0791,-2.0298,-0.5399,-1.7849,-0.1069,-0.1448,2.3044,0.1447,-0.7725,-2.688,-0.3075,-0.1647,-0.3374,2.1553,-0.1572,-0.0209,3.0865,-1.3039,0.4985,-0.1332,-0.9692,2.0895,-1.5486,0.3055,-2.9813,-0.2367,-0.7141,2.6209,1.6729,-0.9786,1.5409,1.3685,0.2745,-0.0897,-0.4124,-0.9754,0.8559,4.8141,-2.0719,3.0495,1.0561,-2.8472,-1.2689,-0.3835,-0.041,-1.7307,-0.1473,-0.0433,-0.3298,-0.2014,2.8716
sequence_40804,561,0.1275,0.0336,0.0268,0.0302,0.0,0.0268,0.0302,0.057,0.0067,0.057,0.1443,0.0235,0.0201,0.0503,0.0403,0.094,0.0537,0.0201,0.0503,0.1074,0.0,0.2877,2.5922,-2.5032,0.502,-0.4751,0.3171,-1.3117,2.1434,-1.6096,0.0868,-1.3547,-1.6377,1.9331,-1.805,0.3554,-0.211,1.7767,-0.3034,0.7758,-0.4606,4.7425,0.6734,-0.9189,-2.6016,-0.3946,0.5525,-0.0328,0.1627,-0.9592,0.4659,-2.6462,0.378,-1.8075,-1.4197,-1.3818,2.4438,-0.5859,2.3377,-2.0282,-2.8483,-1.71,-2.1724,0.5956,-0.0958,-1.0313,-1.5514,3.564,-1.2524,-1.7438,2.0837,-2.0236,-0.5348,-1.8051,-0.1064,-0.1543,2.2974,0.1531,-0.7866,-2.6565,-0.3394,-0.1835,-0.2893,2.1252,-0.1549,0.0069,3.0784,-1.2728,0.4938,-0.1426,-0.9705,2.0852,-1.522,0.2788,-2.9881,-0.2366,-0.7141,2.6299,1.6599,-0.9473,1.5209,1.3605,0.2438,-0.0976,-0.3983,-0.9536,0.8101,4.8303,-2.0491,3.089,1.0673,-2.8282,-1.3006,-0.3613,-0.0242,-1.6845,-0.2172,-0.0478,-0.3321,-0.1733,2.9209
sequence_40805,564,0.1275,0.0336,0.0302,0.0302,0.0,0.0268,0.0302,0.057,0.0067,0.057,0.1409,0.0235,0.0201,0.0503,0.0403,0.094,0.0537,0.0201,0.0503,0.1074,0.0,0.3147,2.6153,-2.4816,0.4902,-0.4758,0.3773,-1.3201,2.27,-1.7526,0.1256,-1.3436,-1.629,1.9581,-1.9019,0.2338,-0.1672,1.8575,-0.307,0.8292,-0.3774,4.7005,0.6358,-1.0586,-2.7077,-0.3925,0.3965,-0.0556,0.1108,-0.9719,0.4695,-2.6685,0.361,-1.8504,-1.424,-1.4046,2.4818,-0.5447,2.3408,-2.0342,-2.883,-1.6826,-2.1563,0.6546,-0.0975,-0.9813,-1.5252,3.5567,-1.2675,-1.7229,2.018,-2.0594,-0.5291,-1.7956,-0.139,-0.1411,2.3509,0.1507,-0.7464,-2.6549,-0.2697,-0.1356,-0.3534,2.134,-0.1838,-0.0329,3.064,-1.3697,0.5319,-0.1057,-0.9547,2.0556,-1.5529,0.3236,-2.9746,-0.2574,-0.6945,2.6378,1.6553,-1.0326,1.5081,1.3946,0.2976,-0.1012,-0.4133,-1.0257,0.8771,4.8051,-2.1127,3.0275,1.0064,-2.8534,-1.238,-0.4301,-0.064,-1.7755,-0.0806,-0.0263,-0.3157,-0.2264,2.8476
sequence_40864,549,0.1275,0.0336,0.0268,0.0302,0.0,0.0268,0.0302,0.057,0.0067,0.057,0.1409,0.0235,0.0201,0.0503,0.0403,0.094,0.0537,0.0201,0.0503,0.1107,0.0,0.2852,2.5954,-2.4968,0.4929,-0.4723,0.3196,-1.2995,2.1484,-1.6034,0.0865,-1.3489,-1.6326,1.9368,-1.7934,0.3589,-0.1982,1.7664,-0.3035,0.7661,-0.4679,4.7437,0.6702,-0.9197,-2.6036,-0.3971,0.5315,-0.0391,0.1675,-0.9502,0.4575,-2.6525,0.3705,-1.8118,-1.4264,-1.3814,2.4465,-0.5861,2.3366,-2.0239,-2.8455,-1.7023,-2.1727,0.5945,-0.0975,-1.0367,-1.5506,3.5674,-1.2614,-1.7387,2.0757,-2.0391,-0.5334,-1.8225,-0.1108,-0.1497,2.2938,0.1537,-0.7827,-2.6514,-0.3347,-0.1968,-0.293,2.1373,-0.1474,0.0149,3.0757,-1.2686,0.497,-0.1542,-0.975,2.0828,-1.522,0.2879,-2.9778,-0.2447,-0.71,2.6254,1.6674,-0.9503,1.517,1.3767,0.2308,-0.0977,-0.4015,-0.9525,0.8017,4.8313,-2.0462,3.0847,1.0739,-2.8306,-1.2997,-0.3578,-0.0269,-1.677,-0.2175,-0.0394,-0.3249,-0.1944,2.9055
sequence_40808,543,0.1275,0.0336,0.0268,0.0302,0.0,0.0268,0.0302,0.057,0.0067,0.057,0.1409,0.0235,0.0235,0.0503,0.0403,0.094,0.057,0.0201,0.0503,0.104,0.0,0.2806,2.5781,-2.4999,0.503,-0.4976,0.3326,-1.2864,2.2079,-1.6312,0.0743,-1.3575,-1.6448,1.9357,-1.8201,0.3584,-0.1801,1.814,-0.3095,0.7906,-0.4664,4.7298,0.6479,-0.939,-2.6557,-0.3981,0.5352,-0.0534,0.1611,-0.9501,0.464,-2.6947,0.375,-1.8473,-1.4275,-1.4176,2.4399,-0.5653,2.3384,-2.0189,-2.8634,-1.7126,-2.1813,0.607,-0.1076,-1.0333,-1.5478,3.5643,-1.2706,-1.7946,2.1104,-2.0439,-0.549,-1.8042,-0.1117,-0.157,2.3001,0.1457,-0.7736,-2.6859,-0.3151,-0.1699,-0.3132,2.1775,-0.1711,-0.0174,3.0969,-1.2849,0.4913,-0.1292,-0.96,2.0939,-1.5526,0.2909,-2.9871,-0.216,-0.7161,2.6362,1.6617,-0.9667,1.5622,1.3876,0.2449,-0.1017,-0.4025,-0.971,0.8287,4.8217,-2.0684,3.0577,1.0619,-2.8772,-1.275,-0.3484,-0.047,-1.6992,-0.1892,-0.0458,-0.3329,-0.1843,2.8998
sequence_40810,549,0.1275,0.0336,0.0268,0.0302,0.0,0.0268,0.0302,0.057,0.0067,0.057,0.1376,0.0268,0.0201,0.0503,0.0403,0.094,0.057,0.0201,0.0503,0.1074,0.0,0.2476,2.5508,-2.485,0.4974,-0.4672,0.3789,-1.3212,2.2945,-1.7708,0.0615,-1.3174,-1.6334,1.9408,-1.886,0.2299,-0.1261,1.8758,-0.2904,0.8297,-0.3552,4.678,0.6385,-1.0245,-2.7472,-0.4025,0.3778,-0.1214,0.1313,-1.0109,0.4705,-2.7668,0.3852,-1.8684,-1.4394,-1.4775,2.4513,-0.5236,2.3774,-2.0386,-2.9241,-1.7154,-2.1877,0.619,-0.0986,-1.0519,-1.5359,3.5372,-1.3369,-1.8206,2.0656,-2.0606,-0.5682,-1.7689,-0.1283,-0.1445,2.3206,0.1257,-0.717,-2.7165,-0.2392,-0.1255,-0.3549,2.1854,-0.189,-0.0553,3.1211,-1.4091,0.5244,-0.0878,-0.9494,2.086,-1.5923,0.3036,-3.0005,-0.284,-0.6879,2.6571,1.6588,-1.051,1.515,1.3488,0.3516,-0.0935,-0.4176,-1.0014,0.9679,4.7966,-2.1113,3.0051,1.0182,-2.8583,-1.2111,-0.4224,-0.0569,-1.7878,-0.0592,-0.0149,-0.3196,-0.2529,2.8294
sequence_40862,546,0.1275,0.0336,0.0268,0.0302,0.0,0.0268,0.0302,0.057,0.0067,0.057,0.1376,0.0235,0.0201,0.0503,0.0403,0.094,0.057,0.0235,0.0503,0.1074,0.0,0.3116,2.6365,-2.5039,0.4816,-0.4922,0.3703,-1.3162,2.2229,-1.703,0.0987,-1.342,-1.6183,1.9527,-1.8694,0.2857,-0.1723,1.8221,-0.294,0.8034,-0.4394,4.7237,0.6145,-1.0013,-2.6753,-0.3987,0.4632,-0.0807,0.1626,-0.9699,0.48,-2.6537,0.3652,-1.8322,-1.4423,-1.3898,2.4759,-0.568,2.3552,-2.0333,-2.87,-1.717,-2.1589,0.617,-0.1038,-1.0087,-1.5287,3.573,-1.2802,-1.7339,2.0511,-2.029,-0.5177,-1.7913,-0.1311,-0.141,2.3457,0.1507,-0.7534,-2.6651,-0.2902,-0.1693,-0.3366,2.1426,-0.1672,-0.0137,3.0633,-1.3318,0.5139,-0.122,-0.9668,2.0716,-1.5313,0.3098,-3.0023,-0.2371,-0.6963,2.6446,1.6643,-0.9938,1.5138,1.3949,0.2741,-0.1048,-0.4106,-1.004,0.8602,4.8134,-2.0949,3.0682,1.0206,-2.8435,-1.2775,-0.4115,-0.0596,-1.7432,-0.1355,-0.0362,-0.3174,-0.2128,2.877
sequence_40859,543,0.1275,0.0336,0.0268,0.0302,0.0,0.0268,0.0302,0.057,0.0067,0.0537,0.1409,0.0235,0.0201,0.0503,0.0403,0.0973,0.057,0.0201,0.0503,0.1074,0.0,0.2753,2.6061,-2.4882,0.4856,-0.4707,0.3633,-1.3229,2.2415,-1.6798,0.0927,-1.3295,-1.624,1.9336,-1.8695,0.2672,-0.1624,1.8235,-0.2937,0.7835,-0.4266,4.7054,0.6457,-0.9828,-2.6912,-0.3868,0.4679,-0.0573,0.1695,-0.9595,0.464,-2.6907,0.3681,-1.8467,-1.4386,-1.4097,2.4364,-0.5559,2.3178,-2.0087,-2.8975,-1.7133,-2.1734,0.612,-0.1126,-1.0498,-1.5395,3.5453,-1.2798,-1.7609,2.0743,-2.0516,-0.5367,-1.8025,-0.0919,-0.1487,2.3269,0.1366,-0.7441,-2.6662,-0.296,-0.1719,-0.3068,2.182,-0.1641,-0.0043,3.092,-1.3349,0.5201,-0.1234,-0.9598,2.0845,-1.5583,0.2955,-2.9665,-0.25,-0.7068,2.6378,1.6764,-1.0169,1.5071,1.3837,0.2734,-0.1044,-0.3954,-0.9698,0.8548,4.8026,-2.0866,3.0735,1.0562,-2.8737,-1.2828,-0.382,-0.033,-1.7281,-0.146,-0.0277,-0.3336,-0.1891,2.8632
sequence_40836,543,0.1275,0.0336,0.0268,0.0302,0.0,0.0268,0.0302,0.057,0.0067,0.057,0.1409,0.0235,0.0201,0.047,0.0403,0.094,0.0604,0.0201,0.0503,0.1074,0.0,0.2687,2.5901,-2.4983,0.513,-0.4766,0.3479,-1.282,2.1953,-1.6552,0.0628,-1.3638,-1.6308,1.9294,-1.8209,0.3029,-0.1677,1.8012,-0.3165,0.8125,-0.4312,4.7015,0.6279,-0.9615,-2.6682,-0.4063,0.5133,-0.0518,0.1426,-0.9305,0.4578,-2.6757,0.3813,-1.7958,-1.4085,-1.4207,2.4572,-0.5859,2.3153,-2.045,-2.866,-1.6996,-2.1864,0.5956,-0.1152,-1.0239,-1.5362,3.5566,-1.2775,-1.7897,2.0743,-2.0267,-0.5433,-1.8095,-0.1119,-0.167,2.2998,0.1568,-0.7527,-2.6637,-0.3212,-0.171,-0.3532,2.1778,-0.1713,-0.0194,3.1051,-1.3186,0.499,-0.1122,-0.9649,2.0775,-1.5366,0.2778,-2.9989,-0.2377,-0.7001,2.6651,1.6321,-0.9678,1.5552,1.383,0.302,-0.1021,-0.3861,-1.0161,0.8486,4.8171,-2.0801,3.0301,1.0386,-2.8565,-1.2626,-0.3868,-0.0504,-1.6978,-0.12,-0.0431,-0.3146,-0.1939,2.8919
sequence_40837,543,0.1275,0.0336,0.0268,0.0302,0.0,0.0268,0.0302,0.057,0.0067,0.057,0.1409,0.0235,0.0201,0.047,0.0403,0.094,0.057,0.0235,0.0503,0.1074,0.0,0.2847,2.6106,-2.484,0.5098,-0.4799,0.353,-1.3224,2.1917,-1.6766,0.1047,-1.3464,-1.6308,1.9569,-1.8504,0.2869,-0.1907,1.8124,-0.3079,0.8246,-0.4235,4.7215,0.6492,-0.9724,-2.6503,-0.3943,0.5146,-0.069,0.1499,-0.9379,0.466,-2.6449,0.3759,-1.8133,-1.4122,-1.403,2.4752,-0.5749,2.3335,-2.0428,-2.8516,-1.6971,-2.1684,0.6104,-0.1051,-1.0031,-1.533,3.5631,-1.2755,-1.737,2.0509,-2.0259,-0.5347,-1.8048,-0.1012,-0.1639,2.3394,0.1699,-0.7471,-2.6549,-0.2919,-0.1714,-0.3401,2.1432,-0.174,-0.0199,3.0748,-1.3179,0.4973,-0.1111,-0.9592,2.0885,-1.5161,0.2689,-2.9982,-0.2339,-0.7002,2.6516,1.641,-0.9573,1.5201,1.3835,0.2927,-0.096,-0.3867,-1.0347,0.8575,4.8252,-2.0763,3.046,1.0415,-2.8459,-1.285,-0.3985,-0.0376,-1.7314,-0.1464,-0.056,-0.3186,-0.1874,2.9095
sequence_40820,543,0.1275,0.0336,0.0268,0.0302,0.0,0.0268,0.0302,0.057,0.0067,0.057,0.1443,0.0235,0.0201,0.0503,0.0403,0.094,0.057,0.0168,0.0503,0.1074,0.0,0.3091,2.5795,-2.4914,0.5201,-0.4867,0.346,-1.3098,2.1899,-1.6601,0.1066,-1.3626,-1.6324,1.943,-1.8169,0.3594,-0.2005,1.8236,-0.3111,0.8124,-0.4604,4.7228,0.6505,-0.9674,-2.6506,-0.4081,0.4865,-0.0619,0.1274,-0.9265,0.4582,-2.6579,0.3579,-1.8286,-1.4158,-1.3986,2.4641,-0.5574,2.3487,-2.0066,-2.8652,-1.6994,-2.1727,0.6288,-0.1015,-1.029,-1.5256,3.593,-1.2655,-1.7375,2.0757,-2.0469,-0.5341,-1.8017,-0.1229,-0.1367,2.3129,0.156,-0.7627,-2.6801,-0.3119,-0.1647,-0.3034,2.1567,-0.1606,-0.0142,3.0634,-1.3191,0.5059,-0.139,-0.9652,2.0804,-1.529,0.2976,-2.9781,-0.2325,-0.7163,2.6319,1.6472,-0.996,1.5146,1.3995,0.2476,-0.0823,-0.3919,-0.9882,0.8278,4.7968,-2.0666,3.0615,1.0568,-2.8286,-1.2442,-0.3898,-0.0459,-1.7109,-0.1504,-0.0415,-0.3359,-0.2201,2.8838
sequence_40821,549,0.1275,0.0336,0.0268,0.0302,0.0,0.0268,0.0302,0.057,0.0067,0.057,0.1409,0.0235,0.0235,0.0503,0.0403,0.094,0.057,0.0168,0.0503,0.1074,0.0,0.2923,2.5901,-2.492,0.505,-0.4826,0.3527,-1.3008,2.1873,-1.645,0.0875,-1.3626,-1.6277,1.932,-1.8148,0.3365,-0.1925,1.7949,-0.3173,0.8047,-0.4724,4.7231,0.6597,-0.9714,-2.6541,-0.3999,0.4881,-0.0577,0.1394,-0.93,0.4526,-2.6586,0.3696,-1.8096,-1.4158,-1.3942,2.4574,-0.5604,2.3329,-2.0245,-2.8613,-1.7053,-2.1761,0.6188,-0.0981,-1.0337,-1.5346,3.5805,-1.2806,-1.7571,2.0833,-2.027,-0.5331,-1.7978,-0.1105,-0.147,2.3112,0.1342,-0.7605,-2.6697,-0.3182,-0.1679,-0.32,2.1492,-0.173,-0.0009,3.0859,-1.3051,0.511,-0.1377,-0.9759,2.0847,-1.5362,0.3007,-2.9775,-0.2491,-0.7068,2.6324,1.6378,-0.9993,1.5327,1.3873,0.2368,-0.0895,-0.3987,-0.9878,0.8202,4.811,-2.0805,3.0606,1.056,-2.834,-1.2609,-0.3883,-0.0387,-1.7096,-0.1539,-0.0339,-0.3303,-0.1933,2.8783
sequence_40822,549,0.1309,0.0336,0.0268,0.0302,0.0,0.0268,0.0302,0.057,0.0067,0.057,0.1409,0.0235,0.0201,0.0503,0.0403,0.094,0.057,0.0201,0.047,0.1074,0.0,0.302,2.5719,-2.4856,0.5206,-0.504,0.3661,-1.3082,2.2066,-1.6512,0.1076,-1.3424,-1.6385,1.9518,-1.8515,0.3988,-0.1939,1.8375,-0.305,0.7959,-0.4509,4.7155,0.6205,-0.9719,-2.6437,-0.3927,0.498,-0.0531,0.1413,-0.9563,0.4735,-2.6756,0.3365,-1.8803,-1.4199,-1.4195,2.4548,-0.558,2.3546,-1.9832,-2.8751,-1.6973,-2.1742,0.6262,-0.0774,-1.0234,-1.5371,3.5621,-1.2364,-1.7288,2.0404,-2.0607,-0.5454,-1.7943,-0.1456,-0.1095,2.298,0.1555,-0.7723,-2.6888,-0.2861,-0.1862,-0.2683,2.198,-0.145,-0.0156,3.0361,-1.3273,0.479,-0.1305,-0.9679,2.0597,-1.5419,0.3193,-2.9724,-0.246,-0.7076,2.6034,1.6855,-1.0054,1.4879,1.3962,0.2525,-0.0967,-0.3849,-0.951,0.8241,4.8147,-2.0393,3.0633,1.0538,-2.8455,-1.241,-0.3919,-0.0359,-1.7087,-0.1597,-0.037,-0.3436,-0.2902,2.8898
sequence_40823,546,0.1275,0.0336,0.0268,0.0302,0.0,0.0268,0.0302,0.057,0.0067,0.0604,0.1409,0.0235,0.0201,0.0503,0.0369,0.094,0.057,0.0201,0.0503,0.1074,0.0,0.3174,2.5918,-2.4974,0.5142,-0.4705,0.3631,-1.3183,2.1793,-1.6951,0.1309,-1.3473,-1.613,1.9698,-1.8605,0.316,-0.2046,1.8513,-0.2961,0.8081,-0.4366,4.741,0.6397,-0.9822,-2.6323,-0.4054,0.4974,-0.0613,0.1328,-0.9684,0.5081,-2.6257,0.3541,-1.8636,-1.4004,-1.4028,2.465,-0.5475,2.372,-1.9913,-2.8351,-1.7027,-2.1481,0.6383,-0.108,-0.9934,-1.5293,3.5977,-1.2151,-1.7195,2.0459,-2.0238,-0.538,-1.8126,-0.1245,-0.1512,2.3389,0.152,-0.7445,-2.6359,-0.3114,-0.1523,-0.2998,2.1259,-0.155,-0.0066,3.0093,-1.3501,0.5027,-0.1381,-0.9427,2.0786,-1.4941,0.3236,-2.9933,-0.2338,-0.7175,2.6479,1.657,-1.0143,1.4652,1.4031,0.2467,-0.0755,-0.3924,-0.9879,0.8211,4.8141,-2.0522,3.068,1.0505,-2.8076,-1.2692,-0.4037,-0.0546,-1.7177,-0.1603,-0.06,-0.3006,-0.2332,2.909
sequence_40834,546,0.1275,0.0336,0.0268,0.0302,0.0,0.0268,0.0302,0.057,0.0067,0.057,0.1409,0.0235,0.0201,0.0503,0.0369,0.094,0.057,0.0201,0.0503,0.1107,0.0,0.3211,2.5958,-2.5026,0.5118,-0.4738,0.3614,-1.3177,2.1838,-1.6935,0.1324,-1.3489,-1.614,1.9742,-1.8632,0.3285,-0.2058,1.8562,-0.2997,0.8141,-0.4499,4.7433,0.6416,-0.9906,-2.6383,-0.408,0.4936,-0.0594,0.1313,-0.9767,0.5029,-2.6268,0.3515,-1.8702,-1.4046,-1.4094,2.4647,-0.5472,2.37,-1.9948,-2.843,-1.702,-2.153,0.64,-0.109,-0.9865,-1.5238,3.5961,-1.2231,-1.7298,2.0509,-2.0284,-0.5423,-1.816,-0.1239,-0.1544,2.3464,0.1539,-0.7424,-2.6388,-0.3127,-0.1561,-0.3005,2.1291,-0.1527,-0.0077,3.0154,-1.3543,0.5007,-0.137,-0.9409,2.0772,-1.4959,0.3261,-2.9976,-0.2363,-0.7171,2.6446,1.6556,-1.0225,1.4684,1.4071,0.236,-0.0757,-0.3907,-0.9873,0.8191,4.8157,-2.0549,3.0665,1.0523,-2.8134,-1.271,-0.4104,-0.0504,-1.7255,-0.1604,-0.0594,-0.2958,-0.2408,2.9116
sequence_40832,555,0.1275,0.0336,0.0268,0.0268,0.0,0.0268,0.0336,0.057,0.0067,0.057,0.1409,0.0235,0.0201,0.0503,0.0403,0.094,0.057,0.0201,0.0503,0.1074,0.0,0.3008,2.6055,-2.5045,0.4793,-0.4836,0.3299,-1.325,2.1527,-1.6462,0.0983,-1.3458,-1.6452,1.9352,-1.8218,0.3448,-0.19,1.7903,-0.3137,0.8209,-0.4533,4.7177,0.6584,-0.9329,-2.6394,-0.3792,0.5217,-0.0522,0.1659,-0.9532,0.4357,-2.6664,0.3774,-1.812,-1.4114,-1.4294,2.4771,-0.583,2.3312,-2.032,-2.8712,-1.7177,-2.1893,0.5983,-0.0829,-1.0165,-1.5462,3.5525,-1.2728,-1.7521,2.0529,-2.0407,-0.5508,-1.8177,-0.1197,-0.1448,2.315,0.1491,-0.7756,-2.678,-0.3074,-0.1711,-0.3143,2.1484,-0.1451,-0.0109,3.1021,-1.2849,0.492,-0.1353,-0.9677,2.0806,-1.5575,0.2785,-2.9831,-0.2451,-0.6971,2.6272,1.6422,-0.958,1.5557,1.3664,0.2471,-0.103,-0.4104,-0.9809,0.8415,4.8242,-2.0506,3.0672,1.0543,-2.8142,-1.2843,-0.3625,-0.0445,-1.732,-0.1873,-0.0328,-0.3324,-0.1787,2.8733
sequence_40833,549,0.1275,0.0336,0.0268,0.0268,0.0,0.0268,0.0302,0.057,0.0067,0.057,0.1409,0.0235,0.0201,0.0503,0.0403,0.094,0.0604,0.0201,0.0503,0.1074,0.0,0.2894,2.6066,-2.5499,0.4775,-0.492,0.3396,-1.2811,2.1581,-1.6275,0.0672,-1.3611,-1.6547,1.9229,-1.8082,0.3403,-0.1713,1.7932,-0.3224,0.8209,-0.458,4.7127,0.6371,-0.9237,-2.6527,-0.4013,0.5262,-0.0568,0.146,-0.919,0.4324,-2.6878,0.3784,-1.7823,-1.416,-1.4283,2.4741,-0.599,2.3415,-2.0583,-2.8943,-1.7371,-2.2275,0.6066,-0.0911,-1.0685,-1.5655,3.5561,-1.2964,-1.8062,2.0783,-2.0216,-0.5414,-1.7881,-0.0935,-0.1221,2.2758,0.1584,-0.7823,-2.7423,-0.3165,-0.1368,-0.3459,2.2188,-0.1685,-0.0071,3.1548,-1.2862,0.4912,-0.1209,-0.9626,2.061,-1.6021,0.2774,-2.9886,-0.2387,-0.693,2.6375,1.6714,-0.9118,1.6142,1.3501,0.2631,-0.0975,-0.4107,-0.9714,0.8318,4.8152,-2.0436,3.0902,1.0597,-2.8389,-1.2564,-0.3447,-0.0435,-1.7367,-0.1461,-0.0496,-0.3234,-0.1691,2.8708
sequence_40830,558,0.1242,0.0336,0.0268,0.0302,0.0,0.0268,0.0302,0.057,0.0067,0.057,0.1409,0.0235,0.0235,0.0503,0.0403,0.094,0.057,0.0201,0.0503,0.1074,0.0,0.3119,2.5988,-2.5019,0.4821,-0.485,0.3551,-1.2831,2.2273,-1.6812,0.0637,-1.3576,-1.6315,1.9262,-1.8519,0.3,-0.1727,1.8057,-0.2891,0.7926,-0.4413,4.7371,0.628,-0.9672,-2.6877,-0.4046,0.4614,-0.0354,0.1402,-0.9304,0.4787,-2.6777,0.3612,-1.833,-1.4342,-1.3721,2.4469,-0.5822,2.3478,-2.0182,-2.8723,-1.7041,-2.1917,0.6319,-0.0906,-1.0547,-1.561,3.5832,-1.2688,-1.7803,2.0934,-2.0312,-0.5465,-1.8023,-0.112,-0.1362,2.2852,0.1626,-0.7721,-2.6921,-0.3052,-0.1766,-0.3161,2.209,-0.1797,-0.0048,3.0652,-1.3384,0.493,-0.1323,-0.9685,2.0669,-1.5536,0.3183,-2.9869,-0.235,-0.6996,2.6344,1.6825,-0.972,1.5385,1.3833,0.276,-0.0934,-0.4036,-0.9657,0.8248,4.8167,-2.073,3.0782,1.0342,-2.8783,-1.2514,-0.382,-0.046,-1.6947,-0.1083,-0.0339,-0.3224,-0.1924,2.8822
sequence_40798,579,0.1242,0.0336,0.0268,0.0302,0.0034,0.0268,0.0302,0.057,0.0067,0.057,0.1409,0.0235,0.0235,0.0503,0.0403,0.094,0.0537,0.0201,0.0503,0.1074,0.0,0.3192,2.5998,-2.5027,0.4647,-0.4888,0.3416,-1.2894,2.208,-1.6787,0.0775,-1.3442,-1.6343,1.9324,-1.8454,0.294,-0.1801,1.7821,-0.2919,0.78,-0.4279,4.741,0.6332,-0.9633,-2.6556,-0.4038,0.4564,-0.0324,0.1587,-0.9364,0.4917,-2.6535,0.3544,-1.8196,-1.439,-1.3498,2.4496,-0.592,2.357,-2.0293,-2.8571,-1.6983,-2.1897,0.631,-0.0942,-1.0464,-1.5708,3.577,-1.2458,-1.7473,2.0759,-2.0287,-0.5393,-1.792,-0.1148,-0.1316,2.2746,0.1693,-0.7763,-2.6755,-0.302,-0.1824,-0.3066,2.1938,-0.1666,0.0012,3.04,-1.3301,0.4855,-0.1443,-0.9724,2.075,-1.5437,0.3083,-2.9804,-0.2402,-0.6992,2.6249,1.6867,-0.9478,1.5134,1.3707,0.278,-0.0956,-0.4123,-0.9542,0.8109,4.8224,-2.0633,3.0895,1.0426,-2.8701,-1.2643,-0.3728,-0.0405,-1.6942,-0.1311,-0.0202,-0.3133,-0.205,2.8857
sequence_40865,580,0.1242,0.0336,0.0268,0.0302,0.0,0.0268,0.0302,0.057,0.0067,0.057,0.1409,0.0235,0.0235,0.0503,0.0403,0.094,0.0537,0.0201,0.0503,0.1107,0.0,0.3005,2.5929,-2.5067,0.4683,-0.4732,0.3276,-1.2828,2.1806,-1.629,0.0543,-1.3522,-1.6384,1.9246,-1.8109,0.3285,-0.1884,1.7595,-0.2879,0.7609,-0.4573,4.755,0.6498,-0.9203,-2.6368,-0.4043,0.4966,-0.0207,0.1613,-0.9316,0.4735,-2.6612,0.3657,-1.8157,-1.4364,-1.3506,2.4343,-0.6013,2.3511,-2.0245,-2.8515,-1.6976,-2.1894,0.6066,-0.0931,-1.073,-1.5745,3.5799,-1.2625,-1.7726,2.1078,-2.0255,-0.5487,-1.8142,-0.1048,-0.1429,2.2609,0.1688,-0.7916,-2.6741,-0.3313,-0.1953,-0.2925,2.1903,-0.1613,0.0204,3.0595,-1.2945,0.484,-0.1574,-0.9789,2.0767,-1.5354,0.2975,-2.9841,-0.2409,-0.7007,2.6272,1.6889,-0.9305,1.5316,1.3707,0.2549,-0.0966,-0.4054,-0.9434,0.7999,4.8295,-2.0501,3.0985,1.059,-2.867,-1.2806,-0.3501,-0.0303,-1.6578,-0.1677,-0.0334,-0.3145,-0.1856,2.9022
sequence_40863,566,0.1275,0.0336,0.0268,0.0302,0.0,0.0268,0.0302,0.057,0.0067,0.057,0.1409,0.0235,0.0235,0.0503,0.0403,0.094,0.0537,0.0168,0.0503,0.1107,0.0,0.2812,2.5835,-2.494,0.4893,-0.4695,0.3259,-1.3025,2.1414,-1.5926,0.0807,-1.3549,-1.635,1.9322,-1.7806,0.3611,-0.2109,1.7496,-0.3153,0.7738,-0.4852,4.7394,0.6804,-0.926,-2.6035,-0.398,0.525,-0.043,0.1568,-0.9349,0.451,-2.6394,0.3751,-1.7961,-1.4143,-1.3709,2.4449,-0.5782,2.3329,-2.0298,-2.8392,-1.6997,-2.1718,0.5927,-0.0995,-1.0494,-1.5482,3.5763,-1.2731,-1.7487,2.0959,-2.0209,-0.5336,-1.8076,-0.1027,-0.1538,2.2896,0.1414,-0.7796,-2.6504,-0.3426,-0.1876,-0.2979,2.1295,-0.1547,0.0231,3.0762,-1.2637,0.5003,-0.1569,-0.9852,2.0893,-1.5173,0.2769,-2.973,-0.2573,-0.7078,2.6261,1.6417,-0.9593,1.5213,1.3749,0.2182,-0.0937,-0.4004,-0.9639,0.7961,4.8229,-2.0575,3.0787,1.0767,-2.8211,-1.2902,-0.3565,-0.0221,-1.6713,-0.2099,-0.0356,-0.3229,-0.1826,2.8997
sequence_40801,561,0.1242,0.0336,0.0268,0.0336,0.0,0.0268,0.0302,0.057,0.0067,0.057,0.1409,0.0235,0.0235,0.0503,0.0403,0.094,0.0537,0.0201,0.0503,0.1074,0.0,0.3031,2.5867,-2.4863,0.4561,-0.4786,0.3552,-1.3089,2.3069,-1.7755,0.0564,-1.3486,-1.6398,1.9438,-1.8897,0.2281,-0.1427,1.8389,-0.3024,0.842,-0.3878,4.7018,0.6211,-1.0264,-2.7618,-0.4022,0.3651,-0.0601,0.1431,-0.961,0.4715,-2.7087,0.3619,-1.8312,-1.4398,-1.4003,2.4678,-0.5616,2.3593,-2.0446,-2.9029,-1.6947,-2.1874,0.6473,-0.088,-1.0381,-1.5409,3.5574,-1.2889,-1.8061,2.0754,-2.0481,-0.572,-1.8043,-0.1273,-0.1475,2.3081,0.1673,-0.7588,-2.7002,-0.2472,-0.1193,-0.3519,2.2004,-0.1888,-0.0379,3.0715,-1.3872,0.5237,-0.1125,-0.957,2.0704,-1.5777,0.3067,-3.0019,-0.2604,-0.6771,2.649,1.6712,-0.9997,1.5525,1.3988,0.3342,-0.1045,-0.4179,-1.0238,0.9052,4.7979,-2.1261,3.031,0.9924,-2.9048,-1.2297,-0.4148,-0.0703,-1.7578,-0.0449,-0.0235,-0.3045,-0.2063,2.8575
sequence_40802,560,0.1275,0.0336,0.0268,0.0336,0.0,0.0268,0.0302,0.057,0.0067,0.057,0.1376,0.0235,0.0201,0.0503,0.0403,0.094,0.0537,0.0235,0.0503,0.1074,0.0,0.2712,2.609,-2.482,0.4777,-0.4862,0.3508,-1.3475,2.3017,-1.7549,0.0692,-1.3503,-1.6329,1.9654,-1.8753,0.2551,-0.1369,1.8541,-0.3017,0.8301,-0.3999,4.6911,0.6362,-1.0061,-2.7432,-0.3975,0.4105,-0.094,0.1724,-0.9886,0.4595,-2.7234,0.3778,-1.8349,-1.4538,-1.4421,2.4875,-0.5358,2.3618,-2.0681,-2.9165,-1.6957,-2.175,0.6291,-0.0895,-1.0322,-1.5137,3.5419,-1.3249,-1.8001,2.0704,-2.0603,-0.567,-1.8047,-0.1296,-0.1541,2.357,0.1391,-0.7408,-2.6935,-0.2379,-0.1273,-0.3678,2.1752,-0.166,-0.0563,3.103,-1.3647,0.512,-0.0945,-0.9543,2.1056,-1.5794,0.2857,-3.0154,-0.252,-0.6833,2.6644,1.6667,-1.0187,1.546,1.4153,0.3408,-0.105,-0.4247,-1.0382,0.9455,4.7943,-2.147,2.9929,1.0094,-2.8949,-1.2685,-0.3961,-0.0607,-1.7821,-0.1049,-0.0271,-0.3132,-0.2146,2.8575
sequence_40796,567,0.1242,0.0336,0.0268,0.0302,0.0034,0.0268,0.0302,0.057,0.0067,0.057,0.1409,0.0235,0.0268,0.0503,0.0403,0.094,0.0537,0.0168,0.0503,0.1074,0.0,0.3133,2.589,-2.4984,0.4653,-0.4858,0.3459,-1.2992,2.1999,-1.6644,0.0753,-1.3501,-1.6339,1.9265,-1.8325,0.2935,-0.1914,1.7602,-0.3056,0.7839,-0.4483,4.7363,0.6435,-0.965,-2.655,-0.4072,0.4573,-0.0359,0.1498,-0.918,0.4834,-2.6332,0.3622,-1.7997,-1.4266,-1.3345,2.4489,-0.5834,2.3505,-2.0362,-2.8485,-1.6919,-2.186,0.6286,-0.0943,-1.0559,-1.5631,3.5865,-1.2606,-1.7544,2.0998,-2.0109,-0.5404,-1.7771,-0.1062,-0.1404,2.2763,0.1562,-0.7726,-2.6691,-0.3109,-0.1709,-0.3104,2.1774,-0.1739,0.0123,3.0416,-1.3197,0.4879,-0.1458,-0.9836,2.0847,-1.535,0.2941,-2.974,-0.2527,-0.6973,2.6299,1.6557,-0.9575,1.5168,1.3721,0.2684,-0.0941,-0.4133,-0.9701,0.8098,4.8122,-2.0754,3.0811,1.0446,-2.859,-1.2609,-0.3688,-0.0344,-1.6857,-0.1295,-0.0176,-0.3147,-0.1867,2.8805
sequence_40795,562,0.1275,0.0336,0.0268,0.0302,0.0034,0.0268,0.0302,0.057,0.0067,0.057,0.1409,0.0235,0.0235,0.0503,0.0403,0.094,0.0537,0.0168,0.0503,0.1074,0.0,0.2994,2.5939,-2.4922,0.4893,-0.4889,0.3408,-1.3112,2.1691,-1.641,0.1058,-1.346,-1.6295,1.939,-1.8128,0.328,-0.1982,1.7714,-0.3194,0.7911,-0.459,4.7263,0.6659,-0.9715,-2.6221,-0.4007,0.4837,-0.0544,0.1565,-0.9414,0.4661,-2.6346,0.3623,-1.7974,-1.4199,-1.3716,2.4626,-0.569,2.3418,-2.0371,-2.845,-1.7011,-2.1737,0.6222,-0.0983,-1.0242,-1.544,3.5736,-1.2569,-1.7151,2.0658,-2.0264,-0.5237,-1.7856,-0.1162,-0.1438,2.3058,0.1407,-0.7636,-2.6531,-0.3135,-0.1743,-0.31,2.1328,-0.1616,0.0065,3.0636,-1.2999,0.5043,-0.1483,-0.9798,2.0924,-1.5277,0.2911,-2.9714,-0.253,-0.7076,2.6265,1.6449,-0.9769,1.5045,1.3747,0.2407,-0.0931,-0.4068,-0.9789,0.8096,4.8174,-2.0728,3.076,1.0628,-2.8248,-1.2742,-0.3833,-0.0325,-1.7116,-0.1763,-0.021,-0.3231,-0.208,2.8842
sequence_40866,620,0.1242,0.0336,0.0268,0.0268,0.0034,0.0268,0.0336,0.057,0.0067,0.057,0.1409,0.0235,0.0235,0.0503,0.0403,0.094,0.0537,0.0201,0.0503,0.1074,0.0,0.336,2.6106,-2.4714,0.4528,-0.4773,0.3365,-1.3257,2.1992,-1.6952,0.0914,-1.3465,-1.6299,1.9488,-1.8656,0.2635,-0.1844,1.7946,-0.3129,0.7826,-0.3877,4.7304,0.6272,-0.9665,-2.6547,-0.3984,0.4507,-0.0236,0.1402,-0.932,0.5115,-2.6048,0.3658,-1.817,-1.4194,-1.3267,2.4805,-0.5883,2.3622,-2.0343,-2.8486,-1.6654,-2.16,0.6255,-0.1039,-1.0182,-1.5551,3.5699,-1.2456,-1.7241,2.0344,-2.0281,-0.5371,-1.7896,-0.1145,-0.1243,2.2914,0.179,-0.7841,-2.6501,-0.2808,-0.1813,-0.3236,2.1703,-0.1517,-0.009,2.9714,-1.344,0.4755,-0.1403,-0.9746,2.0684,-1.5247,0.2633,-2.9754,-0.2481,-0.7019,2.6423,1.6493,-0.9636,1.4799,1.3981,0.2799,-0.0884,-0.4169,-0.973,0.7932,4.8122,-2.0724,3.0404,1.001,-2.8455,-1.2491,-0.3865,-0.0424,-1.691,-0.105,-0.0241,-0.2965,-0.1698,2.8735
sequence_40799,597,0.1242,0.0336,0.0268,0.0302,0.0034,0.0268,0.0302,0.057,0.0067,0.057,0.1409,0.0235,0.0235,0.047,0.0403,0.094,0.057,0.0201,0.0503,0.1074,0.0,0.2888,2.591,-2.5062,0.4739,-0.4842,0.3377,-1.2789,2.2057,-1.6672,0.0448,-1.3565,-1.6395,1.9269,-1.8308,0.2698,-0.168,1.7682,-0.3047,0.7932,-0.4131,4.7176,0.615,-0.9467,-2.6657,-0.4118,0.4857,-0.0343,0.1546,-0.9182,0.4886,-2.6593,0.3689,-1.7898,-1.4215,-1.3685,2.4511,-0.6128,2.3333,-2.0569,-2.8551,-1.6923,-2.2017,0.6009,-0.113,-1.0472,-1.5682,3.5629,-1.2578,-1.7941,2.0963,-2.0116,-0.5509,-1.7943,-0.1033,-0.158,2.2652,0.1788,-0.7652,-2.6651,-0.3121,-0.18,-0.3431,2.2127,-0.1719,-0.0104,3.0675,-1.329,0.4738,-0.1275,-0.9717,2.0847,-1.5406,0.272,-3.0018,-0.2375,-0.6927,2.6616,1.6531,-0.9216,1.5476,1.3695,0.3255,-0.106,-0.3986,-0.9987,0.8358,4.8219,-2.0777,3.054,1.0326,-2.889,-1.2626,-0.363,-0.046,-1.6751,-0.103,-0.0269,-0.2975,-0.1892,2.8983
sequence_40788,510,0.1242,0.0336,0.0268,0.0302,0.0034,0.0268,0.0302,0.0604,0.0067,0.057,0.1409,0.0235,0.0235,0.0503,0.0403,0.094,0.0537,0.0168,0.0503,0.1074,0.0,0.3132,2.5663,-2.4706,0.4597,-0.4646,0.3806,-1.2826,2.2697,-1.7234,0.0697,-1.3621,-1.6471,1.9256,-1.8791,0.2868,-0.1497,1.8553,-0.3216,0.8199,-0.3905,4.6885,0.6139,-0.9876,-2.7514,-0.3909,0.4542,-0.0356,0.114,-0.9257,0.5005,-2.7033,0.3575,-1.8679,-1.4163,-1.3937,2.4637,-0.5716,2.3529,-2.0208,-2.8745,-1.6748,-2.1825,0.6229,-0.0806,-1.0518,-1.5665,3.5498,-1.2662,-1.7774,2.0555,-2.0285,-0.5566,-1.7792,-0.1477,-0.1203,2.2708,0.1747,-0.772,-2.7072,-0.2639,-0.1241,-0.3748,2.224,-0.1873,-0.0313,3.0214,-1.3929,0.4749,-0.1057,-0.9572,2.0526,-1.5924,0.2953,-2.9823,-0.2578,-0.6956,2.6519,1.6571,-1.0071,1.52,1.4164,0.3058,-0.1013,-0.4142,-0.9857,0.8306,4.8048,-2.0965,2.9933,1.0135,-2.8783,-1.1861,-0.3999,-0.0667,-1.7065,-0.0575,-0.0251,-0.3028,-0.2008,2.842
sequence_40867,622,0.1242,0.0336,0.0268,0.0268,0.0034,0.0268,0.0336,0.057,0.0067,0.057,0.1409,0.0235,0.0235,0.047,0.0403,0.094,0.057,0.0201,0.0503,0.1074,0.0,0.3025,2.601,-2.4752,0.4648,-0.4734,0.3289,-1.3136,2.1924,-1.676,0.056,-1.3599,-1.6361,1.9407,-1.8445,0.2435,-0.1712,1.7765,-0.3289,0.7958,-0.3793,4.7086,0.6112,-0.9437,-2.6619,-0.408,0.4822,-0.0269,0.1371,-0.9133,0.5084,-2.6131,0.3798,-1.7829,-1.4007,-1.3441,2.4837,-0.6142,2.3379,-2.0646,-2.8435,-1.6637,-2.1745,0.592,-0.1216,-1.0167,-1.5552,3.5556,-1.2587,-1.7748,2.0634,-2.0092,-0.5488,-1.7936,-0.0999,-0.1515,2.2841,0.1875,-0.7734,-2.6408,-0.294,-0.1793,-0.3583,2.1888,-0.1558,-0.0205,3.0068,-1.3385,0.4619,-0.1274,-0.9745,2.0839,-1.524,0.2267,-3.0006,-0.2426,-0.6958,2.679,1.6174,-0.9314,1.5237,1.3961,0.3232,-0.0997,-0.4033,-1.0167,0.8186,4.8127,-2.0875,3.0102,0.9944,-2.8691,-1.2489,-0.373,-0.0473,-1.6724,-0.0816,-0.033,-0.282,-0.1519,2.8892
